ISIN,TR_Ticker,Yahoo_Ticker,Name,Aliases,Provider,Asset_Class,Source,Added_Date,Last_Verified
AU0000066006,VUL,VM3.F,Vulcan Energy,,,Stock,manual,2025-01-01,
CA22587M1068,CL,UNTRADEABLE,Cresco Labs,,,Stock,manual,2025-01-01,
CA87320L1031,TAAT,2TP.F,TAAT Global,,,Stock,manual,2025-01-01,
DE0005493092,BVB,BVB.DE,BVB,,,Stock,manual,2025-01-01,
DE0007500001,TKA,TKA.DE,Thyssenkrupp,,,Stock,manual,2025-01-01,
DE0008404005,ALV,ALV.DE,Allianz,,,Stock,manual,2025-01-01,
DE000A0F5UF5,EXXT,EXXT.DE,iShares NASDAQ-100® ETF,,iShares,ETF,manual,2025-01-01,
DE000A161408,HFG,HFG.DE,HelloFresh,,,Stock,manual,2025-01-01,
DE000TKMS000,-,TKMS,TKMS AG + CO. KGAA O.N.,,,Stock,manual,2025-01-01,
FR0010361683,INR,INR.PA,Amundi MSCI India Swap,,Amundi,ETF,manual,2025-01-01,
IE000YYE6WK5,DFEN,DFEN.DE,VanEck Defense ETF A,,VanEck,ETF,manual,2025-01-01,
IE0031442068,IUSA,IUSA.MI,iShares Core S&P 500 ETF (Dist),,iShares,ETF,manual,2025-01-01,
IE00B3WJKG14,IUIT,IUIT.L,iShares S&P 500 Info Technolg Sctr ETF A,,iShares,ETF,manual,2025-01-01,
IE00B4L5Y983,IWDA,IWDA.AS,iShares Core MSCI World ETF,,iShares,ETF,manual,2025-01-01,
IE00B53SZB19,CSNDX,CSNDX.MI,iShares NASDAQ 100 ETF,,iShares,ETF,manual,2025-01-01,
IE00B5BMR087,CSPX,SXR8.DE,iShares Core S&P 500 ETF (Acc),,iShares,ETF,manual,2025-01-01,
IE00BL25JP72,XDEM,XDEM.DE,Xtrackers MSCI World Momentum ETF,,Xtrackers,ETF,manual,2025-01-01,
IE00BYVQ9F29,NQSE,NQSE.DE,iShares NASDAQ 100 ETF Hedged,,iShares,ETF,manual,2025-01-01,
KYG9830T1067,1810,1810.HK,Xiaomi,,,Stock,manual,2025-01-01,
LU0908500753,MEUD,LYP6.DE,Amundi Core Stoxx Europe 600,,Amundi,ETF,manual,2025-01-01,
US00287Y1091,ABBV,ABBV,AbbVie,,,Stock,manual,2025-01-01,
US0079031078,AMD,AMD,AMD,,,Stock,manual,2025-01-01,
US0231351067,AMZN,AMZN,Amazon,,,Stock,manual,2025-01-01,
US1667641005,CVX,CVX,Chevron,,,Stock,manual,2025-01-01,
US30303M1027,META,META,Meta Platforms,,,Stock,manual,2025-01-01,
US5949181045,MSFT,MSFT,Microsoft,,,Stock,manual,2025-01-01,
US67066G1040,NVDA,NVDA,Nvidia,,,Stock,manual,2025-01-01,
US69608A1088,PLTR,PLTR,Palantir Tech,,,Stock,manual,2025-01-01,
US88160R1014,TSLA,TSLA,Tesla,,,Stock,manual,2025-01-01,
DE0007030009,RHM,RHM.DE,Rheinmetall,,,Stock,manual,2025-01-01,
US0378331005,AAPL,AAPL,Apple Inc,,,Stock,manual,2025-01-01,
US5324571083,LLY,LLY,Eli Lilly and Co,,,Stock,manual,2025-01-01,
US46625H1005,JPM,JPM,JPMorgan Chase & Co,,,Stock,manual,2025-01-01,
US92826C8394,V,V,Visa Inc,,,Stock,manual,2025-01-01,
US4781601046,JNJ,JNJ,Johnson & Johnson,,,Stock,manual,2025-01-01,
US30231G1022,XOM,XOM,Exxon Mobil Corp,,,Stock,manual,2025-01-01,
US9311421039,WMT,WMT,Walmart Inc,,,Stock,manual,2025-01-01,
US57636Q1040,MA,MA,Mastercard Inc,,,Stock,manual,2025-01-01,
US22160K1051,COST,COST,Costco Wholesale Corp,,,Stock,manual,2025-01-01,
US0605051046,BAC,BAC,Bank of America Corp,,,Stock,manual,2025-01-01,
US7427181091,PG,PG,Procter & Gamble Co,,,Stock,manual,2025-01-01,
US68389X1054,ORCL,ORCL,Oracle Corp,,,Stock,manual,2025-01-01,
US3696041033,GE,GE,General Electric Co,,,Stock,manual,2025-01-01,
US17275R1023,CSCO,CSCO,Cisco Systems Inc,,,Stock,manual,2025-01-01,
US91324P1021,UNH,UNH,UnitedHealth Group Inc,,,Stock,manual,2025-01-01,
US1912161007,KO,KO,Coca-Cola Co,,,Stock,manual,2025-01-01,
US4592001014,IBM,IBM,International Business Machines Corp,,,Stock,manual,2025-01-01,
US9497461015,WFC,WFC,Wells Fargo & Co,,,Stock,manual,2025-01-01,
US1491231015,CAT,CAT,Caterpillar Inc,,,Stock,manual,2025-01-01,
US5951121038,MU,MU,Micron Technology Inc,,,Stock,manual,2025-01-01,
US38141G1040,GS,GS,Goldman Sachs Group Inc,,,Stock,manual,2025-01-01,
US7181721090,PM,PM,Philip Morris International Inc,,,Stock,manual,2025-01-01,
US8835561023,TMO,TMO,Thermo Fisher Scientific Inc,,,Stock,manual,2025-01-01,
US75513E1010,RTX,RTX,RTX Corp,,,Stock,manual,2025-01-01,
US79466L3024,CRM,CRM,Salesforce Inc,,,Stock,manual,2025-01-01,
US0028241000,ABT,ABT,Abbott Laboratories,,,Stock,manual,2025-01-01,
US5801351017,MCD,MCD,McDonald's Corp,,,Stock,manual,2025-01-01,
US46120E6023,ISRG,ISRG,Intuitive Surgical Inc,,,Stock,manual,2025-01-01,
US0258161092,AXP,AXP,American Express Co,,,Stock,manual,2025-01-01,
US7134481081,PEP,PEP,PepsiCo Inc,,,Stock,manual,2025-01-01,
US6174464486,MS,MS,Morgan Stanley,,,Stock,manual,2025-01-01,
US5128071082,LRCX,LRCX,Lam Research Corp,,,Stock,manual,2025-01-01,
IE00BZ12WP82,LIN,LIN,Linde PLC,,,Stock,manual,2025-01-01,
US1729674242,C,C,Citigroup Inc,,,Stock,manual,2025-01-01,
US2546871060,DIS,DIS,Walt Disney Co,,,Stock,manual,2025-01-01,
US00206R1023,T,T,AT&T Inc,,,Stock,manual,2025-01-01,
US0311621009,AMGN,AMGN,Amgen Inc,,,Stock,manual,2025-01-01,
US4612021034,INTU,INTU,Intuit Inc,,,Stock,manual,2025-01-01,
US7475251036,QCOM,QCOM,Qualcomm Inc,,,Stock,manual,2025-01-01,
US81762P1021,NOW,NOW,ServiceNow Inc,,,Stock,manual,2025-01-01,
US92343V1044,VZ,VZ,Verizon Communications Inc,,,Stock,manual,2025-01-01,
US90353T1007,UBER,UBER,Uber Technologies Inc,,,Stock,manual,2025-01-01,
US4581401001,INTC,INTC,Intel Corp,,,Stock,manual,2025-01-01,
US09857L1089,BKNG,BKNG,Booking Holdings Inc,,,Stock,manual,2025-01-01,
US8085131055,SCHW,SCHW,Charles Schwab Corp,,,Stock,manual,2025-01-01,
US78409V1044,SPGI,SPGI,S&P Global Inc,,,Stock,manual,2025-01-01,
IE00B4BNMY34,ACN,ACN,Accenture PLC,,,Stock,manual,2025-01-01,
US4824801009,KLAC,KLAC,KLA Corp,,,Stock,manual,2025-01-01,
US1011371077,BSX,BSX,Boston Scientific Corp,,,Stock,manual,2025-01-01,
US8825081040,TXN,TXN,Texas Instruments Inc,,,Stock,manual,2025-01-01,
US2358511028,DHR,DHR,Danaher Corp,,,Stock,manual,2025-01-01,
US7170811035,PFE,PFE,Pfizer Inc,,,Stock,manual,2025-01-01,
US9078181081,UNP,UNP,Union Pacific Corp,,,Stock,manual,2025-01-01,
US95040Q1040,WELL,WELL,Welltower Inc,,,Stock,manual,2025-01-01,
US00724F1012,ADBE,ADBE,Adobe Inc,,,Stock,manual,2025-01-01,
US14040H1059,COF,COF,Capital One Financial Corp,,,Stock,manual,2025-01-01,
US0970231058,BA,BA,Boeing Co,,,Stock,manual,2025-01-01,
IE00BTN1Y115,MDT,MDT,Medtronic PLC,,,Stock,manual,2025-01-01,
US7433151039,PGR,PGR,Progressive Corp,,,Stock,manual,2025-01-01,
IE00B8KQN827,ETN,ETN,Eaton Corporation PLC,,,Stock,manual,2025-01-01,
US8636671013,SYK,SYK,Stryker Corp,,,Stock,manual,2025-01-01,
US2441991054,DE,DE,Deere & Co,,,Stock,manual,2025-01-01,
US0326541051,ADI,ADI,Analog Devices Inc,,,Stock,manual,2025-01-01,
US6974351057,PANW,PANW,Palo Alto Networks Inc,,,Stock,manual,2025-01-01,
US4385161066,HON,HON,Honeywell International Inc,,,Stock,manual,2025-01-01,
US58155Q1031,MCK,MCK,McKesson Corp,,,Stock,manual,2025-01-01,
US20825C1045,COP,COP,ConocoPhillips,,,Stock,manual,2025-01-01,
US2103711006,CEG,CEG,Constellation Energy Corp,,,Stock,manual,2025-01-01,
US92532F1003,VRTX,VRTX,Vertex Pharmaceuticals Inc,,,Stock,manual,2025-01-01,
US09253U1088,BX,BX,Blackstone Inc,,,Stock,manual,2025-01-01,
US0530151036,ADP,ADP,Automatic Data Processing Inc,,,Stock,manual,2025-01-01,
US20030N2001,CMCSA,CMCSA,Comcast Corp,,,Stock,manual,2025-01-01,
US12572Q1058,CME,CME,CME Group Inc,,,Stock,manual,2025-01-01,
US1101221083,BMY,BMY,Bristol-Myers Squibb Co,,,Stock,manual,2025-01-01,
US02209S1033,MO,MO,Altria Group Inc,,,Stock,manual,2025-01-01,
US6516391066,NEM,NEM,Newmont Corporation,,,Stock,manual,2025-01-01,
US1266501006,CVS,CVS,CVS Health Corp,,,Stock,manual,2025-01-01,
US8552441094,SBUX,SBUX,Starbucks Corp,,,Stock,manual,2025-01-01,
US5398301094,LMT,LMT,Lockheed Martin Corp,,,Stock,manual,2025-01-01,
US88579Y1010,MMM,MMM,3M Co,,,Stock,manual,2025-01-01,
US26441C2044,DUK,DUK,Duke Energy Corp,,,Stock,manual,2025-01-01,
US67103H1077,ORLY,ORLY,O'Reilly Automotive Inc,,,Stock,manual,2025-01-01,
US7707001027,HOOD,HOOD,Robinhood Markets Inc,,,Stock,manual,2025-01-01,
US03027X1000,AMT,AMT,American Tower Corp,,,Stock,manual,2025-01-01,
US8243481061,SHW,SHW,Sherwin-Williams Co,,,Stock,manual,2025-01-01,
US6668071029,NOC,NOC,Northrop Grumman Corp,,,Stock,manual,2025-01-01,
US8334451098,SNOW,SNOW,Snowflake Inc,,,Stock,manual,2025-01-01,
US6153691059,MCO,MCO,Moody's Corp,,,Stock,manual,2025-01-01,
IE0001827041,CRH,CRH,CRH PLC,,,Stock,manual,2025-01-01,
US3695501086,GD,GD,General Dynamics Corp,,,Stock,manual,2025-01-01,
US6541061031,NKE,NKE,Nike Inc,,,Stock,manual,2025-01-01,
US9029733048,USB,USB,US Bancorp,,,Stock,manual,2025-01-01,
US8936411003,TDG,TDG,TransDigm Group Inc,,,Stock,manual,2025-01-01,
US8716071076,SNPS,SNPS,Synopsys Inc,,,Stock,manual,2025-01-01,
US2910111044,EMR,EMR,Emerson Electric Co,,,Stock,manual,2025-01-01,
US5719032022,MAR,MAR,Marriott International Inc,,,Stock,manual,2025-01-01,
US37045V1008,GM,GM,General Motors Co,,,Stock,manual,2025-01-01,
US2310211063,CMI,CMI,Cummins Inc,,,Stock,manual,2025-01-01,
US2193501051,GLW,GLW,Corning Inc,,,Stock,manual,2025-01-01,
US2788651006,ECL,ECL,Ecolab Inc,,,Stock,manual,2025-01-01,
GB00B5BT0K07,AON,AON,Aon PLC,,,Stock,manual,2025-01-01,
LR0008862868,RCL,RCL,Royal Caribbean Cruises Ltd,,,Stock,manual,2025-01-01,
US43300A2033,HLT,HLT,Hilton Worldwide Holdings Inc,,,Stock,manual,2025-01-01,
US4523081093,ITW,ITW,Illinois Tool Works Inc,,,Stock,manual,2025-01-01,
US1264081035,CSX,CSX,CSX Corp,,,Stock,manual,2025-01-01,
US9113121068,UPS,UPS,United Parcel Service Inc,,,Stock,manual,2025-01-01,
US1729081059,CTAS,CTAS,Cintas Corp,,,Stock,manual,2025-01-01,
US31428X1063,FDX,FDX,FedEx Corp,,,Stock,manual,2025-01-01,
US6558441084,NSC,NSC,Norfolk Southern Corp,,,Stock,manual,2025-01-01,
US3635761097,AJG,AJG,Arthur J. Gallagher & Co.,,,Stock,manual,2025-01-01,
US0527691069,ADSK,ADSK,Autodesk Inc,,,Stock,manual,2025-01-01,
US1941621039,CL,CL,Colgate-Palmolive Co,,,Stock,manual,2025-01-01,
US92537N1081,VRT,VRT,Vertiv Holdings Co,,,Stock,manual,2025-01-01,
US6200763075,MSI,MSI,Motorola Solutions Inc,,,Stock,manual,2025-01-01,
US92840M1027,VST,VST,Vistra Corp,,,Stock,manual,2025-01-01,
US0010551028,AFL,AFL,Aflac Inc,,,Stock,manual,2025-01-01,
US56585A1025,MPC,MPC,Marathon Petroleum Corp,,,Stock,manual,2025-01-01,
US7782961038,ROST,ROST,Ross Stores Inc,,,Stock,manual,2025-01-01,
US98978V1035,ZTS,ZTS,Zoetis Inc,,,Stock,manual,2025-01-01,
US91913Y1001,VLO,VLO,Valero Energy Corp,,,Stock,manual,2025-01-01,
US0200021014,ALL,ALL,Allstate Corp,,,Stock,manual,2025-01-01,
US7185461040,PSX,PSX,Phillips 66,,,Stock,manual,2025-01-01,
US6937181088,PCAR,PCAR,Paccar Inc,,,Stock,manual,2025-01-01,
US6117401017,MNST,MNST,Monster Beverage Corp,,,Stock,manual,2025-01-01,
US34959E1091,FTNT,FTNT,Fortinet Inc,,,Stock,manual,2025-01-01,
US3453708600,F,F,Ford Motor Co,,,Stock,manual,2025-01-01,
US7710491033,RBLX,RBLX,Roblox Corp,,,Stock,manual,2025-01-01,
GB00B1XZS820,AAL.L,AAL.L,Anglo American plc,,,Stock,manual,2025-01-01,
GB00BLGZ9862,TSCO.L,TSCO.L,Tesco PLC,,,Stock,manual,2025-01-01,
GB0007099541,PRU.L,PRU.L,Prudential plc,,,Stock,manual,2025-01-01,
GB0007908733,SSE.L,SSE.L,SSE plc,,,Stock,manual,2025-01-01,
GB0004544929,IMB.L,IMB.L,Imperial Brands PLC,,,Stock,manual,2025-01-01,
GB0000536739,AHT.L,AHT.L,Ashtead Group plc,,,Stock,manual,2025-01-01,
GB0002162385,AV.L,AV.L,Aviva plc,,,Stock,manual,2025-01-01,
GB0032089863,NXT.L,NXT.L,NEXT plc,,,Stock,manual,2025-01-01,
GB00BDCPN049,CCEP.L,CCEP.L,Coca-Cola Europacific Partners PLC,,,Stock,manual,2025-01-01,
GB00BHJYC057,IHG.L,IHG.L,InterContinental Hotels Group PLC,,,Stock,manual,2025-01-01,
GB0005603997,LGEN.L,LGEN.L,Legal & General Group Plc,,,Stock,manual,2025-01-01,
GB0004052071,HLMA.L,HLMA.L,Halma plc,,,Stock,manual,2025-01-01,
GB00BMJ6DW54,INF.L,INF.L,Informa plc,,,Stock,manual,2025-01-01,
GB0009223206,SN.L,SN.L,Smith & Nephew plc,,,Stock,manual,2025-01-01,
GB00B8C3BL03,SGE.L,SGE.L,The Sage Group plc,,,Stock,manual,2025-01-01,
GB00B5ZN1N88,SGRO.L,SGRO.L,SEGRO Plc,,,Stock,manual,2025-01-01,
GB0000456144,ANTO.L,ANTO.L,Antofagasta plc,,,Stock,manual,2025-01-01,
GB0006462336,UU.L,UU.L,United Utilities Group PLC,,,Stock,manual,2025-01-01,
GB00B1WY2338,SMIN.L,SMIN.L,Smiths Group plc,,,Stock,manual,2025-01-01,
GB00B033F229,CNA.L,CNA.L,Centrica plc,,,Stock,manual,2025-01-01,
GB00B02J6398,ADM.L,ADM.L,Admiral Group plc,,,Stock,manual,2025-01-01,
CH0198251305,CCH.L,CCH.L,Coca-Cola HBC AG,,,Stock,manual,2025-01-01,
GB00BV9FYX34,MRO.L,MRO.L,Melrose Industries PLC,,,Stock,manual,2025-01-01,
GB0031638363,ITRK.L,ITRK.L,Intertek Group plc,,,Stock,manual,2025-01-01,
GB0001826634,DPLM.L,DPLM.L,Diploma PLC,,,Stock,manual,2025-01-01,
GB00B0744B38,BNZL.L,BNZL.L,Bunzl plc,,,Stock,manual,2025-01-01,
GB0006776081,PSON.L,PSON.L,Pearson plc,,,Stock,manual,2025-01-01,
GB0003718474,GAW.L,GAW.L,Games Workshop Group PLC,,,Stock,manual,2025-01-01,
GB0006731235,ABF.L,ABF.L,Associated British Foods plc,,,Stock,manual,2025-01-01,
GB00BGLP8L22,IMI.L,IMI.L,IMI plc,,,Stock,manual,2025-01-01,
GB0009697037,BAB.L,BAB.L,Babcock International Group PLC,,,Stock,manual,2025-01-01,
GB00BVYVFW23,AUTO.L,AUTO.L,Auto Trader Group plc,,,Stock,manual,2025-01-01,
GB00B019KW72,SBRY.L,SBRY.L,J Sainsbury plc,,,Stock,manual,2025-01-01,
GB0033195214,KGF.L,KGF.L,Kingfisher plc,,,Stock,manual,2025-01-01,
GB00B1KJJ408,WTB.L,WTB.L,Whitbread plc,,,Stock,manual,2025-01-01,
IE0002424939,DCC.L,DCC.L,DCC plc,,,Stock,manual,2025-01-01,
GB00B2QPKJ12,FRES.L,FRES.L,Fresnillo plc,,,Stock,manual,2025-01-01,
IM00B5VQMV65,ENT.L,ENT.L,Entain Plc,,,Stock,manual,2025-01-01,
GB0031809436,LAND.L,LAND.L,Land Securities Group Plc,,,Stock,manual,2025-01-01,
BMG4593F1389,HSX.L,HSX.L,Hiscox Ltd,,,Stock,manual,2025-01-01,
FI0009000202,KESKOB.HE,KESKOB.HE,Kesko Oyj,,,Stock,manual,2025-01-01,
FI0009000459,HUH1V.HE,HUH1V.HE,Huhtamaki Oyj,,,Stock,manual,2025-01-01,
FI0009000681,NOKIA.HE,NOKIA.HE,Nokia Oyj,,,Stock,manual,2025-01-01,
FI0009003727,WRT1V.HE,WRT1V.HE,Wartsila Oyj Abp,,,Stock,manual,2025-01-01,
FI0009004824,KEMIRA.HE,KEMIRA.HE,Kemira Oyj,,,Stock,manual,2025-01-01,
FI0009005870,KCR.HE,KCR.HE,Konecranes Abp,,,Stock,manual,2025-01-01,
FI0009005961,STERV.HE,STERV.HE,Stora Enso Oyj,,,Stock,manual,2025-01-01,
FI0009005987,UPM.HE,UPM.HE,UPM-Kymmene Oyj,,,Stock,manual,2025-01-01,
FI0009007132,FORTUM.HE,FORTUM.HE,Fortum Oyj,,,Stock,manual,2025-01-01,
FI0009007884,ELISA.HE,ELISA.HE,Elisa Oyj,,,Stock,manual,2025-01-01,
FI0009013296,NESTE.HE,NESTE.HE,Neste Oyj,,,Stock,manual,2025-01-01,
FI0009013403,KNEBV.HE,KNEBV.HE,Kone Oyj,,,Stock,manual,2025-01-01,
FI0009014377,ORNBV.HE,ORNBV.HE,Orion Oyj,,,Stock,manual,2025-01-01,
FI0009014575,METSO.HE,METSO.HE,Metso Oyj,,,Stock,manual,2025-01-01,
FI4000074984,VALMT.HE,VALMT.HE,Valmet Oyj,,,Stock,manual,2025-01-01,
FI4000297767,NDA FI.HE,NDA FI.HE,Nordea Bank Abp,,,Stock,manual,2025-01-01,
FI4000552500,SAMPO.HE,SAMPO.HE,Sampo Oyj,,,Stock,manual,2025-01-01,
FI4000552526,MANTA.HE,MANTA.HE,Mandatum Oyj,,,Stock,manual,2025-01-01,
FI4000571013,HIAB.HE,HIAB.HE,Hiab Oyj,,,Stock,manual,2025-01-01,
FO0000000179,BAKKA.OL,BAKKA.OL,P/F Bakkafrost,,,Stock,manual,2025-01-01,
FR0000039299,BOL.PA,BOL.PA,Bollore SE,,,Stock,manual,2025-01-01,
FR0000044448,NEX.PA,NEX.PA,Nexans SA,,,Stock,manual,2025-01-01,
FR0000045072,ACA.PA,ACA.PA,Credit Agricole SA,,,Stock,manual,2025-01-01,
FR0000050809,SOP.PA,SOP.PA,Sopra Steria Group SA,,,Stock,manual,2025-01-01,
FR0000051807,TEP.PA,TEP.PA,Teleperformance SE,,,Stock,manual,2025-01-01,
FR0000052292,RMS.PA,RMS.PA,Hermes International SCA,,,Stock,manual,2025-01-01,
FR0000053951,FR0000053951,FR0000053951,Not Found,,,Stock,manual,2025-01-01,
FR0000064578,COV.PA,COV.PA,Covivio SA,,,Stock,manual,2025-01-01,
FR0000071946,ATE.PA,ATE.PA,Alten SA,,,Stock,manual,2025-01-01,
FR0000073272,SAF.PA,SAF.PA,Safran SA,,,Stock,manual,2025-01-01,
FR0000120073,AI.PA,AI.PA,L'Air Liquide Societe Anonyme pour l'Etude et l'Exploitation des Procedes Georges Claude SA,,,Stock,manual,2025-01-01,
FR0000120172,CA.PA,CA.PA,Carrefour SA,,,Stock,manual,2025-01-01,
FR0000120321,OR.PA,OR.PA,L'Oreal SA,,,Stock,manual,2025-01-01,
FR0000120404,AC.PA,AC.PA,Accor SA,,,Stock,manual,2025-01-01,
FR0000120503,EN.PA,EN.PA,Bouygues SA,,,Stock,manual,2025-01-01,
FR0000120578,SAN.PA,SAN.PA,Sanofi SA,,,Stock,manual,2025-01-01,
FR0000120628,CS.PA,CS.PA,AXA SA,,,Stock,manual,2025-01-01,
FR0000120644,BN.PA,BN.PA,Danone SA,,,Stock,manual,2025-01-01,
FR0000120693,RI.PA,RI.PA,Pernod Ricard SA,,,Stock,manual,2025-01-01,
FR0000121014,MC.PA,MC.PA,LVMH Moet Hennessy Louis Vuitton SE,,,Stock,manual,2025-01-01,
FR0000121121,RF.PA,RF.PA,Eurazeo SE,,,Stock,manual,2025-01-01,
FR0000121204,MF.PA,MF.PA,Wendel SE,,,Stock,manual,2025-01-01,
FR0000121220,SW.PA,SW.PA,Sodexo SA,,,Stock,manual,2025-01-01,
FR0000121329,HO.PA,HO.PA,Thales SA,,,Stock,manual,2025-01-01,
FR0000121485,KER.PA,KER.PA,Kering SA,,,Stock,manual,2025-01-01,
FR0000121667,EL.PA,EL.PA,EssilorLuxottica SA,,,Stock,manual,2025-01-01,
FR0000121709,SK.PA,SK.PA,SEB SA,,,Stock,manual,2025-01-01,
FR0000121964,LI.PA,LI.PA,Klepierre SA,,,Stock,manual,2025-01-01,
FR0000121972,SU.PA,SU.PA,Schneider Electric SE,,,Stock,manual,2025-01-01,
FR0000124141,VIE.PA,VIE.PA,Veolia Environnement SA,,,Stock,manual,2025-01-01,
FR0000125007,SGO.PA,SGO.PA,Compagnie de Saint Gobain SA,,,Stock,manual,2025-01-01,
FR0000125338,CAP.PA,CAP.PA,Capgemini SE,,,Stock,manual,2025-01-01,
FR0000125486,DG.PA,DG.PA,Vinci SA,,,Stock,manual,2025-01-01,
FR0000130403,CDI.PA,CDI.PA,Christian Dior SE,,,Stock,manual,2025-01-01,
FR0000130452,FGR.PA,FGR.PA,Eiffage SA,,,Stock,manual,2025-01-01,
FR0000130577,PUB.PA,PUB.PA,Publicis Groupe SA,,,Stock,manual,2025-01-01,
FR0000130809,GLE.PA,GLE.PA,Societe Generale SA,,,Stock,manual,2025-01-01,
FR0000131104,BNP.PA,BNP.PA,BNP Paribas SA,,,Stock,manual,2025-01-01,
FR0000131906,RNO.PA,RNO.PA,Renault SA,,,Stock,manual,2025-01-01,
FR0000133308,ORA.PA,ORA.PA,Orange SA,,,Stock,manual,2025-01-01,
FR0004125920,AMUN.PA,AMUN.PA,Amundi SA,,,Stock,manual,2025-01-01,
FR0006174348,BVI.PA,BVI.PA,Bureau Veritas SA,,,Stock,manual,2025-01-01,
FR0010040865,GFC.PA,GFC.PA,Gecina SA,,,Stock,manual,2025-01-01,
FR0010208488,ENGI.PA,ENGI.PA,Engie SA,,,Stock,manual,2025-01-01,
FR0010220475,ALO.PA,ALO.PA,Alstom SA,,,Stock,manual,2025-01-01,
FR0010259150,IPN.PA,IPN.PA,Ipsen SA,,,Stock,manual,2025-01-01,
FR0010307819,LR.PA,LR.PA,Legrand SA,,,Stock,manual,2025-01-01,
FR0010313833,AKE.PA,AKE.PA,Arkema SA,,,Stock,manual,2025-01-01,
FR0010340141,ADP.PA,ADP.PA,Aeroports de Paris SA,,,Stock,manual,2025-01-01,
FR0010411983,SCR.PA,SCR.PA,Scor SE,,,Stock,manual,2025-01-01,
FR0010451203,RXL.PA,RXL.PA,Rexel SA,,,Stock,manual,2025-01-01,
FR0010533075,GET.PA,GET.PA,Getlink SE,,,Stock,manual,2025-01-01,
FR0010908533,EDEN.PA,EDEN.PA,Edenred SE,,,Stock,manual,2025-01-01,
FR0011149590,FR0011149590,FR0011149590,Not Found,,,Stock,manual,2025-01-01,
FR0011532431,FR0011532431,FR0011532431,Not Found,,,Stock,manual,2025-01-01,
FR0011726835,GTT.PA,GTT.PA,Gaztransport et Technigaz SA,,,Stock,manual,2025-01-01,
FR0012333284,ABVX.PA,ABVX.PA,Abivax SA,,,Stock,manual,2025-01-01,
FR0012435121,ELIS.PA,ELIS.PA,Elis SA,,,Stock,manual,2025-01-01,
FR0012757854,SPIE.PA,SPIE.PA,Spie SA,,,Stock,manual,2025-01-01,
FR0013154002,DIM.PA,DIM.PA,Sartorius Stedim Biotech SA,,,Stock,manual,2025-01-01,
FR0013176526,FR.PA,FR.PA,Valeo SE,,,Stock,manual,2025-01-01,
FR0013215407,FR0013215407,FR0013215407,Not Found,,,Stock,manual,2025-01-01,
FR0013258662,AYV.PA,AYV.PA,Ayvens SA,,,Stock,manual,2025-01-01,
FR0013269123,RUI.PA,RUI.PA,Rubis SCA,,,Stock,manual,2025-01-01,
FR0013280286,BIM.PA,BIM.PA,Biomerieux SA,,,Stock,manual,2025-01-01,
FR0013326246,URW.PA,URW.PA,Unibail-Rodamco-Westfield SE,,,Stock,manual,2025-01-01,
FR0013451333,FDJ.PA,FDJ.PA,FDJ United,,,Stock,manual,2025-01-01,
FR0013506730,VK.PA,VK.PA,Vallourec SA,,,Stock,manual,2025-01-01,
FR0014000MR3,ERF.PA,ERF.PA,Eurofins Scientific SE,,,Stock,manual,2025-01-01,
FR0014003TT8,DSY.PA,DSY.PA,Dassault Systemes SE,,,Stock,manual,2025-01-01,
FR0014004L86,AM.PA,AM.PA,Dassault Aviation SA,,,Stock,manual,2025-01-01,
FR001400AJ45,ML.PA,ML.PA,Compagnie Generale des Etablissements Michelin SCA,,,Stock,manual,2025-01-01,
FR001400S2Z6,FR001400S2Z6,FR001400S2Z6,Not Found,,,Stock,manual,2025-01-01,
FR001400T5U9,FR001400T5U9,FR001400T5U9,Not Found,,,Stock,manual,2025-01-01,
FR001400U6U4,FR001400U6U4,FR001400U6U4,Not Found,,,Stock,manual,2025-01-01,
FR001400UH43,FR001400UH43,FR001400UH43,Not Found,,,Stock,manual,2025-01-01,
FR001400UH76,FR001400UH76,FR001400UH76,Not Found,,,Stock,manual,2025-01-01,
FR001400UH84,FR001400UH84,FR001400UH84,Not Found,,,Stock,manual,2025-01-01,
GB0000811801,BTRW.L,BTRW.L,Barratt Redrow PLC,,,Stock,manual,2025-01-01,
GB0000904986,BWY.L,BWY.L,Bellway PLC,,,Stock,manual,2025-01-01,
GB0000961622,BBY.L,BBY.L,Balfour Beatty PLC,,,Stock,manual,2025-01-01,
GB0001367019,BLND.L,BLND.L,British Land Company PLC,,,Stock,manual,2025-01-01,
GB0001859296,VTY.L,VTY.L,Vistry Group PLC,,,Stock,manual,2025-01-01,
GB0002318888,CWK.L,CWK.L,Cranswick PLC,,,Stock,manual,2025-01-01,
GB0002374006,DGE.L,DGE.L,Diageo PLC,,,Stock,manual,2025-01-01,
GB0002634946,BA.L,BA.L,BAE Systems PLC,,,Stock,manual,2025-01-01,
GB0002652740,DLN.L,DLN.L,Derwent London PLC,,,Stock,manual,2025-01-01,
GB0002869419,BYG.L,BYG.L,Big Yellow Group PLC,,,Stock,manual,2025-01-01,
GB0002875804,BATS.L,BATS.L,British American Tobacco plc,,,Stock,manual,2025-01-01,
GB0003096442,RS1.L,RS1.L,RS Group PLC,,,Stock,manual,2025-01-01,
GB0003308607,SXS.L,SXS.L,Spectris PLC,,,Stock,manual,2025-01-01,
GB0004082847,STAN.L,STAN.L,Standard Chartered PLC,,,Stock,manual,2025-01-01,
GB0005405286,HSBA.L,HSBA.L,HSBC Holdings PLC,,,Stock,manual,2025-01-01,
GB0005576813,HWDN.L,HWDN.L,Howden Joinery Group PLC,,,Stock,manual,2025-01-01,
GB0006825383,PSN.L,PSN.L,Persimmon PLC,,,Stock,manual,2025-01-01,
GB0006928617,UTG.L,UTG.L,Unite Group PLC,,,Stock,manual,2025-01-01,
GB0007188757,RIO.L,RIO.L,Rio Tinto PLC,,,Stock,manual,2025-01-01,
GB0007669376,STJ.L,STJ.L,St James's Place PLC,,,Stock,manual,2025-01-01,
GB0007973794,SRP.L,SRP.L,Serco Group PLC,,,Stock,manual,2025-01-01,
GB0007980591,BP.L,BP.L,BP PLC,,,Stock,manual,2025-01-01,
GB0008706128,LLOY.L,LLOY.L,Lloyds Banking Group PLC,,,Stock,manual,2025-01-01,
GB0008782301,TW.L,TW.L,Taylor Wimpey PLC,,,Stock,manual,2025-01-01,
GB0009465807,WEIR.L,WEIR.L,Weir Group PLC,,,Stock,manual,2025-01-01,
GB0009895292,AZN.L,AZN.L,AstraZeneca PLC,,,Stock,manual,2025-01-01,
GB0022569080,DOX,DOX,Amdocs Ltd,,,Stock,manual,2025-01-01,
GB0030913577,BT.A.L,BT.A.L,BT Group PLC,,,Stock,manual,2025-01-01,
GB0031215220,CCL.L,CCL.L,Carnival PLC,,,Stock,manual,2025-01-01,
GB0031274896,MKS.L,MKS.L,Marks and Spencer Group PLC,,,Stock,manual,2025-01-01,
GB0031348658,BARC.L,BARC.L,Barclays PLC,,,Stock,manual,2025-01-01,
GB0031743007,BRBY.L,BRBY.L,Burberry Group PLC,,,Stock,manual,2025-01-01,
GB0033986497,ITV.L,ITV.L,ITV PLC,,,Stock,manual,2025-01-01,
GB00B06QFB75,IGG.L,IGG.L,IG Group Holdings PLC,,,Stock,manual,2025-01-01,
GB00B082RF11,RTO.L,RTO.L,Rentokil Initial PLC,,,Stock,manual,2025-01-01,
GB00B0LCW083,HIK.L,HIK.L,Hikma Pharmaceuticals PLC,,,Stock,manual,2025-01-01,
GB00B0SWJX34,LSEG.L,LSEG.L,London Stock Exchange Group PLC,,,Stock,manual,2025-01-01,
GB00B0WMWD03,QQ.L,QQ.L,QinetiQ Group PLC,,,Stock,manual,2025-01-01,
GB00B10RZP78,ULVR.L,ULVR.L,Unilever PLC,,,Stock,manual,2025-01-01,
GB00B17BBQ50,INVP.L,INVP.L,Investec PLC,,,Stock,manual,2025-01-01,
GB00B19NLV48,EXPN.L,EXPN.L,Experian PLC,,,Stock,manual,2025-01-01,
GB00B1FH8J72,SVT.L,SVT.L,Severn Trent PLC,,,Stock,manual,2025-01-01,
GB00B1VNSX38,DRX.L,DRX.L,Drax Group PLC,,,Stock,manual,2025-01-01,
GB00B1YW4409,III.L,III.L,3i Group PLC,,,Stock,manual,2025-01-01,
GB00B24CGK77,RKT.L,RKT.L,Reckitt Benckiser Group PLC,,,Stock,manual,2025-01-01,
GB00B2B0DG97,REL.L,REL.L,RELX PLC,,,Stock,manual,2025-01-01,
GB00B39J2M42,UU.L,UU.L,United Utilities Group PLC,,,Stock,manual,2025-01-01,
GB00B3MBS747,OCDO.L,OCDO.L,Ocado Group PLC,,,Stock,manual,2025-01-01,
GB00B4WFW713,LMP.L,LMP.L,LondonMetric Property PLC,,,Stock,manual,2025-01-01,
GB00B61TVQ02,INCH.L,INCH.L,Inchcape PLC,,,Stock,manual,2025-01-01,
GB00B62G9D36,SHC.L,SHC.L,Shaftesbury Capital PLC,,,Stock,manual,2025-01-01,
GB00B63H8491,RR.L,RR.L,Rolls-Royce Holdings PLC,,,Stock,manual,2025-01-01,
GB00B63QSB39,GRG.L,GRG.L,Greggs PLC,,,Stock,manual,2025-01-01,
GB00B7FC0762,GB00B7FC0762,GB00B7FC0762,Not Found,,,Stock,manual,2025-01-01,
GB00B7KR2P84,EZJ.L,EZJ.L,Easyjet PLC,,,Stock,manual,2025-01-01,
GB00BD3VFW73,CTEC.L,CTEC.L,ConvaTec Group PLC,,,Stock,manual,2025-01-01,
GB00BD6K4575,CPG.L,CPG.L,Compass Group PLC,,,Stock,manual,2025-01-01,
GB00BDR05C01,NG.L,NG.L,National Grid PLC,,,Stock,manual,2025-01-01,
GB00BF4HYT85,BGEO.L,BGEO.L,Lion Finance Group PLC,,,Stock,manual,2025-01-01,
GB00BF8Q6K64,ABDN.L,ABDN.L,Aberdeen Group PLC,,,Stock,manual,2025-01-01,
GB00BG49KP99,BBOX.L,BBOX.L,Tritax Big Box Reit PLC,,,Stock,manual,2025-01-01,
GB00BGDT3G23,RMV.L,RMV.L,Rightmove PLC,,,Stock,manual,2025-01-01,
GB00BGXQNP29,PHNX.L,PHNX.L,Phoenix Group Holdings PLC,,,Stock,manual,2025-01-01,
GB00BH4HKS39,VOD.L,VOD.L,Vodafone Group PLC,,,Stock,manual,2025-01-01,
GB00BJFFLV09,CRDA.L,CRDA.L,Croda International PLC,,,Stock,manual,2025-01-01,
GB00BKFB1C65,MNG.L,MNG.L,M&G PLC,,,Stock,manual,2025-01-01,
GB00BL6K5J42,EDV.TO,EDV.TO,Endeavour Mining plc,,,Stock,manual,2025-01-01,
GB00BL9YR756,WISE.L,WISE.L,Wise PLC,,,Stock,manual,2025-01-01,
GB00BM8PJY71,NWG.L,NWG.L,NatWest Group PLC,,,Stock,manual,2025-01-01,
GB00BM8Q5M07,JD.L,JD.L,JD Sports Fashion PLC,,,Stock,manual,2025-01-01,
GB00BMVP7Y09,RPRX,RPRX,Royalty Pharma PLC,,,Stock,manual,2025-01-01,
GB00BMWC6P49,MNDI.L,MNDI.L,Mondi PLC,,,Stock,manual,2025-01-01,
GB00BMX86B70,HLN.L,HLN.L,Haleon PLC,,,Stock,manual,2025-01-01,
GB00BN7SWP63,GSK.L,GSK.L,GSK plc,,,Stock,manual,2025-01-01,
GB00BND88V85,BPT.L,BPT.L,Bridgepoint Group PLC,,,Stock,manual,2025-01-01,
GB00BNGDN821,MRO.L,MRO.L,Melrose Industries PLC,,,Stock,manual,2025-01-01,
GB00BNNTLN49,PNN.L,PNN.L,Pennon Group PLC,,,Stock,manual,2025-01-01,
GB00BNTJ3546,ALLFG.AS,ALLFG.AS,Allfunds Group PLC,,,Stock,manual,2025-01-01,
GB00BP0RGD03,BKG.L,BKG.L,Berkeley Group Holdings PLC,,,Stock,manual,2025-01-01,
GB00BP6MXD84,SHEL.L,SHEL.L,Shell PLC,,,Stock,manual,2025-01-01,
GB00BP92CJ43,TATE.L,TATE.L,Tate & Lyle PLC,,,Stock,manual,2025-01-01,
GB00BP9LHF23,SDR.L,SDR.L,Schroders PLC,,,Stock,manual,2025-01-01,
GB00BPQY8M80,AV.L,AV.L,Aviva PLC,,,Stock,manual,2025-01-01,
GB00BTK05J60,AAL.L,AAL.L,Anglo American PLC,,,Stock,manual,2025-01-01,
GB00BVFNZH21,ROR.L,ROR.L,Rotork PLC,,,Stock,manual,2025-01-01,
GB00BVGBY890,ZEG.L,ZEG.L,Zegona Communications PLC,,,Stock,manual,2025-01-01,
GB00BWFGQN14,SPX.L,SPX.L,Spirax Group PLC,,,Stock,manual,2025-01-01,
GB00BYQ0JC66,BEZ.L,BEZ.L,Beazley PLC,,,Stock,manual,2025-01-01,
GB00BYRJ5J14,PHP.L,PHP.L,Primary Health Properties PLC,,,Stock,manual,2025-01-01,
GB00BYT18307,TBCG.L,TBCG.L,TBC Bank Group PLC,,,Stock,manual,2025-01-01,
GB00BYT1DJ19,ICG.L,ICG.L,ICG PLC,,,Stock,manual,2025-01-01,
GB00BYW0PQ60,LAND.L,LAND.L,Land Securities Group PLC,,,Stock,manual,2025-01-01,
GB00BYZDVK82,SCT.L,SCT.L,Softcat PLC,,,Stock,manual,2025-01-01,
GB00BZ4BQC70,JMAT.L,JMAT.L,Johnson Matthey PLC,,,Stock,manual,2025-01-01,
HK0000069689,1299.HK,1299.HK,AIA Group Ltd,,,Stock,manual,2025-01-01,
HK0011000095,11.HK,11.HK,Hang Seng Bank Ltd,,,Stock,manual,2025-01-01,
HK0016000132,16.HK,16.HK,Sun Hung Kai Properties Ltd,,,Stock,manual,2025-01-01,
HK0388045442,388.HK,388.HK,Hong Kong Exchanges and Clearing Ltd,,,Stock,manual,2025-01-01,
HK2388011192,2388.HK,2388.HK,BOC Hong Kong Holdings Ltd,,,Stock,manual,2025-01-01,
IE0000669501,GL9.IR,GL9.IR,Glanbia PLC,,,Stock,manual,2025-01-01,
IE0004906560,KRZ.IR,KRZ.IR,Kerry Group PLC,,,Stock,manual,2025-01-01,
IE0004927939,KRX.IR,KRX.IR,Kingspan Group PLC,,,Stock,manual,2025-01-01,
IE000IVNQZ81,TEL,TEL,TE Connectivity PLC,,,Stock,manual,2025-01-01,
IE00B00MZ448,GFTU.L,GFTU.L,Grafton Group PLC,,,Stock,manual,2025-01-01,
IE00BD1RP616,BIRG.IR,BIRG.IR,Bank of Ireland Group PLC,,,Stock,manual,2025-01-01,
IE00BDVJJQ56,NVT,NVT,nVent Electric PLC,,,Stock,manual,2025-01-01,
IE00BF0L3536,A5G.IR,A5G.IR,AIB Group PLC,,,Stock,manual,2025-01-01,
IE00BK9ZQ967,TT,TT,Trane Technologies PLC,,,Stock,manual,2025-01-01,
IE00BKVD2N49,STX,STX,Seagate Technology Holdings PLC,,,Stock,manual,2025-01-01,
IE00BY7QL619,JCI,JCI,Johnson Controls International PLC,,,Stock,manual,2025-01-01,
IE00BYTBXV33,RYA.IR,RYA.IR,Ryanair Holdings PLC,,,Stock,manual,2025-01-01,
IL0006046119,LUMI.TA,LUMI.TA,Bank Leumi Le Israel BM,,,Stock,manual,2025-01-01,
IL0006625771,POLI.TA,POLI.TA,Bank Hapoalim BM,,,Stock,manual,2025-01-01,
IL0006912120,DSCT.TA,DSCT.TA,Israel Discount Bank Ltd,,,Stock,manual,2025-01-01,
IL0006954379,MZTF.TA,MZTF.TA,Mizrahi Tefahot Bank Ltd,,,Stock,manual,2025-01-01,
IL0007670123,PHOE.TA,PHOE.TA,Phoenix Financial Ltd,,,Stock,manual,2025-01-01,
IL0010811243,ESLT.TA,ESLT.TA,Elbit Systems Ltd,,,Stock,manual,2025-01-01,
IL0010845571,NVMI,NVMI,Nova Ltd,,,Stock,manual,2025-01-01,
IL0011284465,PLUS.L,PLUS.L,Plus500 Ltd,,,Stock,manual,2025-01-01,
IL0011334468,CYBR,CYBR,Cyberark Software Ltd,,,Stock,manual,2025-01-01,
IT0000062072,G.MI,G.MI,Assicurazioni Generali SpA,,,Stock,manual,2025-01-01,
IT0000066123,BPE.MI,BPE.MI,BPER Banca SpA,,,Stock,manual,2025-01-01,
IT0000072170,FBK.MI,FBK.MI,FinecoBank Banca Fineco SpA,,,Stock,manual,2025-01-01,
IT0000072618,ISP.MI,ISP.MI,Intesa Sanpaolo SpA,,,Stock,manual,2025-01-01,
IT0001031084,BGN.MI,BGN.MI,Banca Generali SpA,,,Stock,manual,2025-01-01,
IT0001078911,IP.MI,IP.MI,Interpump Group SpA,,,Stock,manual,2025-01-01,
IT0001233417,A2A.MI,A2A.MI,A2A SpA,,,Stock,manual,2025-01-01,
IT0001250932,HER.MI,HER.MI,Hera SpA,,,Stock,manual,2025-01-01,
IT0001347308,BZU.MI,BZU.MI,Buzzi SpA,,,Stock,manual,2025-01-01,
IT0003128367,ENEL.MI,ENEL.MI,Enel SpA,,,Stock,manual,2025-01-01,
IT0003132476,ENI.MI,ENI.MI,Eni SpA,,,Stock,manual,2025-01-01,
IT0003153415,SRG.MI,SRG.MI,Snam SpA,,,Stock,manual,2025-01-01,
IT0003242622,TRN.MI,TRN.MI,Terna Rete Elettrica Nazionale SpA,,,Stock,manual,2025-01-01,
IT0003261697,AZM.MI,AZM.MI,Azimut Holding SpA,,,Stock,manual,2025-01-01,
IT0003492391,DIA.MI,DIA.MI,DiaSorin SpA,,,Stock,manual,2025-01-01,
IT0003497168,TIT.MI,TIT.MI,Telecom Italia SpA,,,Stock,manual,2025-01-01,
IT0003796171,PST.MI,PST.MI,Poste Italiane SpA,,,Stock,manual,2025-01-01,
IT0003828271,REC.MI,REC.MI,Recordati Industria Chimica e Farmaceutica SpA,,,Stock,manual,2025-01-01,
IT0003856405,LDO.MI,LDO.MI,Leonardo SpA,,,Stock,manual,2025-01-01,
IT0004056880,AMP.MI,AMP.MI,Amplifon SpA,,,Stock,manual,2025-01-01,
IT0004176001,PRY.MI,PRY.MI,Prysmian SpA,,,Stock,manual,2025-01-01,
IT0004764699,BC.MI,BC.MI,Brunello Cucinelli SpA,,,Stock,manual,2025-01-01,
IT0004776628,BMED.MI,BMED.MI,Banca Mediolanum SpA,,,Stock,manual,2025-01-01,
IT0004810054,UNI.MI,UNI.MI,Unipol Assicurazioni SpA,,,Stock,manual,2025-01-01,
IT0004965148,MONC.MI,MONC.MI,Moncler SpA,,,Stock,manual,2025-01-01,
IT0005090300,INW.MI,INW.MI,Infrastrutture Wireless Italiane SpA,,,Stock,manual,2025-01-01,
IT0005211237,IG.MI,IG.MI,Italgas SpA,,,Stock,manual,2025-01-01,
IT0005218380,BAMI.MI,BAMI.MI,Banco BPM SpA,,,Stock,manual,2025-01-01,
IT0005239360,UCG.MI,UCG.MI,UniCredit SpA,,,Stock,manual,2025-01-01,
IT0005282865,REY.MI,REY.MI,Reply SpA,,,Stock,manual,2025-01-01,
IT0005366767,NEXI.MI,NEXI.MI,Nexi SpA,,,Stock,manual,2025-01-01,
IT0005495657,SPM.MI,SPM.MI,Saipem SpA,,,Stock,manual,2025-01-01,
IT0005508921,BMPS.MI,BMPS.MI,Banca Monte dei Paschi di Siena SpA,,,Stock,manual,2025-01-01,
IT0005541336,LTMC.MI,LTMC.MI,Lottomatica Group SpA,,,Stock,manual,2025-01-01,
JE00B4T3BW64,GLEN.L,GLEN.L,Glencore PLC,,,Stock,manual,2025-01-01,
JE00B8KF9B49,WPP.L,WPP.L,WPP PLC,,,Stock,manual,2025-01-01,
JE00BJ1DLW90,EMG.L,EMG.L,Man Group PLC,,,Stock,manual,2025-01-01,
JE00BMDZN391,TCAP.L,TCAP.L,TP ICAP Group PLC,,,Stock,manual,2025-01-01,
JE00BRX98089,CVC.AS,CVC.AS,CVC Capital Partners PLC,,,Stock,manual,2025-01-01,
JP3102000001,7259.T,7259.T,Aisin Corp,,,Stock,manual,2025-01-01,
JP3104890003,3626.T,3626.T,TIS Inc,,,Stock,manual,2025-01-01,
JP3118000003,7936.T,7936.T,Asics Corp,,,Stock,manual,2025-01-01,
JP3119600009,2802.T,2802.T,Ajinomoto Co Inc,,,Stock,manual,2025-01-01,
JP3122400009,6857.T,6857.T,Advantest Corp,,,Stock,manual,2025-01-01,
JP3134800006,7013.T,7013.T,IHI Corp,,,Stock,manual,2025-01-01,
JP3165000005,8630.T,8630.T,Sompo Holdings Inc,,,Stock,manual,2025-01-01,
JP3166000004,6361.T,6361.T,Ebara Corp,,,Stock,manual,2025-01-01,
JP3180400008,9532.T,9532.T,Osaka Gas Co Ltd,,,Stock,manual,2025-01-01,
JP3190000004,1802.T,1802.T,Obayashi Corp,,,Stock,manual,2025-01-01,
JP3210200006,1812.T,1812.T,Kajima Corp,,,Stock,manual,2025-01-01,
JP3224200000,7012.T,7012.T,Kawasaki Heavy Industries Ltd,,,Stock,manual,2025-01-01,
JP3233250004,7181.T,7181.T,Japan Post Insurance Co Ltd,,,Stock,manual,2025-01-01,
JP3236330001,285A.T,285A.T,Kioxia Holdings Corp,,,Stock,manual,2025-01-01,
JP3249600002,6971.T,6971.T,Kyocera Corp,,,Stock,manual,2025-01-01,
JP3294460005,1605.T,1605.T,Inpex Corp,,,Stock,manual,2025-01-01,
JP3300200007,9766.T,9766.T,Konami Group Corp,,,Stock,manual,2025-01-01,
JP3343200006,8136.T,8136.T,Sanrio Co Ltd,,,Stock,manual,2025-01-01,
JP3379550001,5016.T,5016.T,JX Advanced Metals Corp,,,Stock,manual,2025-01-01,
JP3386450005,5020.T,5020.T,ENEOS Holdings Inc,,,Stock,manual,2025-01-01,
JP3388200002,8267.T,8267.T,Aeon Co Ltd,,,Stock,manual,2025-01-01,
JP3397200001,7269.T,7269.T,Suzuki Motor Corp,,,Stock,manual,2025-01-01,
JP3400400002,9719.T,9719.T,SCSK Corp,,,Stock,manual,2025-01-01,
JP3404600003,8053.T,8053.T,Sumitomo Corp,,,Stock,manual,2025-01-01,
JP3407400005,5802.T,5802.T,Sumitomo Electric Industries Ltd,,,Stock,manual,2025-01-01,
JP3417200007,9024.T,9024.T,Seibu Holdings Inc,,,Stock,manual,2025-01-01,
JP3435000009,6758.T,6758.T,Sony Group Corp,,,Stock,manual,2025-01-01,
JP3436100006,9984.T,9984.T,SoftBank Group Corp,,,Stock,manual,2025-01-01,
JP3436120004,8473.T,8473.T,SBI Holdings Inc,,,Stock,manual,2025-01-01,
JP3443600006,1801.T,1801.T,Taisei Corp,,,Stock,manual,2025-01-01,
JP3494600004,7735.T,7735.T,Screen Holdings Co Ltd,,,Stock,manual,2025-01-01,
JP3497400006,6383.T,6383.T,Daifuku Co Ltd,,,Stock,manual,2025-01-01,
JP3538800008,6762.T,6762.T,TDK Corp,,,Stock,manual,2025-01-01,
JP3566800003,9022.T,9022.T,Central Japan Railway Co,,,Stock,manual,2025-01-01,
JP3571400005,8035.T,8035.T,Tokyo Electron Ltd,,,Stock,manual,2025-01-01,
JP3573000001,9531.T,9531.T,Tokyo Gas Co Ltd,,,Stock,manual,2025-01-01,
JP3598600009,9602.T,9602.T,Toho Co Ltd (Tokyo),,,Stock,manual,2025-01-01,
JP3634600005,6201.T,6201.T,Toyota Industries Corp,,,Stock,manual,2025-01-01,
JP3635000007,8015.T,8015.T,Toyota Tsusho Corp,,,Stock,manual,2025-01-01,
JP3684000007,6988.T,6988.T,Nitto Denko Corp,,,Stock,manual,2025-01-01,
JP3726800000,2914.T,2914.T,Japan Tobacco Inc,,,Stock,manual,2025-01-01,
JP3733000008,6701.T,6701.T,NEC Corp,,,Stock,manual,2025-01-01,
JP3756600007,7974.T,7974.T,Nintendo Co Ltd,,,Stock,manual,2025-01-01,
JP3762600009,8604.T,8604.T,Nomura Holdings Inc,,,Stock,manual,2025-01-01,
JP3762800005,4307.T,4307.T,Nomura Research Institute Ltd,,,Stock,manual,2025-01-01,
JP3778630008,7832.T,7832.T,Bandai Namco Holdings Inc,,,Stock,manual,2025-01-01,
JP3783420007,9435.T,9435.T,Hikari Tsushin Inc,,,Stock,manual,2025-01-01,
JP3783600004,9020.T,9020.T,East Japan Railway Co,,,Stock,manual,2025-01-01,
JP3788600009,6501.T,6501.T,Hitachi Ltd,,,Stock,manual,2025-01-01,
JP3811000003,5803.T,5803.T,Fujikura Ltd,,,Stock,manual,2025-01-01,
JP3818000006,6702.T,6702.T,Fujitsu Ltd,,,Stock,manual,2025-01-01,
JP3820000002,6504.T,6504.T,Fuji Electric Co Ltd,,,Stock,manual,2025-01-01,
JP3837800006,7741.T,7741.T,Hoya Corp,,,Stock,manual,2025-01-01,
JP3869010003,3088.T,3088.T,MatsukiyoCocokara & Co,,,Stock,manual,2025-01-01,
JP3877600001,8002.T,8002.T,Marubeni Corp,,,Stock,manual,2025-01-01,
JP3885780001,8411.T,8411.T,Mizuho Financial Group Inc,,,Stock,manual,2025-01-01,
JP3898400001,8058.T,8058.T,Mitsubishi Corp,,,Stock,manual,2025-01-01,
JP3899600005,8802.T,8802.T,Mitsubishi Estate Co Ltd,,,Stock,manual,2025-01-01,
JP3900000005,7011.T,7011.T,Mitsubishi Heavy Industries Ltd,,,Stock,manual,2025-01-01,
JP3902400005,6503.T,6503.T,Mitsubishi Electric Corp,,,Stock,manual,2025-01-01,
JP3914400001,6981.T,6981.T,Murata Manufacturing Co Ltd,,,Stock,manual,2025-01-01,
JP3955000009,6841.T,6841.T,Yokogawa Electric Corp,,,Stock,manual,2025-01-01,
JP3976300008,7453.T,7453.T,Ryohin Keikaku Co Ltd,,,Stock,manual,2025-01-01,
JP3979200007,6920.T,6920.T,Lasertec Corp,,,Stock,manual,2025-01-01,
KR7012450003,012450.KS,012450.KS,Hanwha AeroSpace Co Ltd,,,Stock,manual,2025-01-01,
KR7047810007,047810.KS,047810.KS,Korea Aerospace Industries Ltd,,,Stock,manual,2025-01-01,
KR7064350002,064350.KS,064350.KS,Hyundai Rotem Co,,,Stock,manual,2025-01-01,
KR7272210006,272210.KS,272210.KS,Hanwha Systems Co Ltd,,,Stock,manual,2025-01-01,
KYG217651051,1.HK,1.HK,CK Hutchison Holdings Ltd,,,Stock,manual,2025-01-01,
KYG254571055,CRDO,CRDO,Credo Technology Group Holding Ltd,,,Stock,manual,2025-01-01,
LU0075646355,SUBC.OL,SUBC.OL,Subsea 7 SA,,,Stock,manual,2025-01-01,
LU1072616219,BME.L,BME.L,B&M European Value Retail SA,,,Stock,manual,2025-01-01,
LU1598757687,MT.AS,MT.AS,ArcelorMittal SA,,,Stock,manual,2025-01-01,
LU1778762911,SPOT,SPOT,Spotify Technology SA,,,Stock,manual,2025-01-01,
LU2237380790,ALE.WA,ALE.WA,Allegro.eu SA,,,Stock,manual,2025-01-01,
LU2290522684,INPST.AS,INPST.AS,InPost SA,,,Stock,manual,2025-01-01,
LU2598331598,TEN.MI,TEN.MI,Tenaris SA,,,Stock,manual,2025-01-01,
NL0000008977,HEIO.AS,HEIO.AS,Heineken Holding NV,,,Stock,manual,2025-01-01,
NL0000009082,KPN.AS,KPN.AS,Koninklijke KPN NV,,,Stock,manual,2025-01-01,
NL0000009165,HEIA.AS,HEIA.AS,Heineken NV,,,Stock,manual,2025-01-01,
NL0000009538,PHIA.AS,PHIA.AS,Koninklijke Philips NV,,,Stock,manual,2025-01-01,
NL0000226223,STMPA.PA,STMPA.PA,STMicroelectronics NV,,,Stock,manual,2025-01-01,
NL0000235190,AIR.PA,AIR.PA,Airbus SE,,,Stock,manual,2025-01-01,
NL0000334118,ASM.AS,ASM.AS,ASM International NV,,,Stock,manual,2025-01-01,
NL0000360618,SBMO.AS,SBMO.AS,SBM Offshore NV,,,Stock,manual,2025-01-01,
NL0000379121,RAND.AS,RAND.AS,Randstad NV,,,Stock,manual,2025-01-01,
NL0000395903,WKL.AS,WKL.AS,Wolters Kluwer NV,,,Stock,manual,2025-01-01,
NL0000687663,AER,AER,AerCap Holdings NV,,,Stock,manual,2025-01-01,
NL0000852564,AALB.AS,AALB.AS,Aalberts NV,,,Stock,manual,2025-01-01,
NL0006237562,ARCAD.AS,ARCAD.AS,Arcadis NV,,,Stock,manual,2025-01-01,
NL0006294274,ENX.PA,ENX.PA,Euronext NV,,,Stock,manual,2025-01-01,
NL0009432491,VPK.AS,VPK.AS,Koninklijke Vopak NV,,,Stock,manual,2025-01-01,
NL0010273215,ASML.AS,ASML.AS,ASML Holding NV,,,Stock,manual,2025-01-01,
NL0010773842,NN.AS,NN.AS,NN Group NV,,,Stock,manual,2025-01-01,
NL0010801007,IMCD.AS,IMCD.AS,IMCD NV,,,Stock,manual,2025-01-01,
NL0010832176,ARGX.BR,ARGX.BR,argenx SE,,,Stock,manual,2025-01-01,
NL0011540547,ABN.AS,ABN.AS,ABN Amro Bank NV,,,Stock,manual,2025-01-01,
NL0011585146,RACE.MI,RACE.MI,Ferrari NV,,,Stock,manual,2025-01-01,
NL0011794037,AD.AS,AD.AS,Koninklijke Ahold Delhaize NV,,,Stock,manual,2025-01-01,
NL0011821202,INGA.AS,INGA.AS,ING Groep NV,,,Stock,manual,2025-01-01,
NL0011821392,LIGHT.AS,LIGHT.AS,Signify NV,,,Stock,manual,2025-01-01,
NL0011872643,ASRNL.AS,ASRNL.AS,ASR Nederland NV,,,Stock,manual,2025-01-01,
NL0012059018,EXO.AS,EXO.AS,Exor NV,,,Stock,manual,2025-01-01,
NL0012866412,BESI.AS,BESI.AS,BE Semiconductor Industries NV,,,Stock,manual,2025-01-01,
NL0012969182,ADYEN.AS,ADYEN.AS,Adyen NV,,,Stock,manual,2025-01-01,
NL0013056914,ESTC,ESTC,Elastic NV,,,Stock,manual,2025-01-01,
NL0013267909,AKZA.AS,AKZA.AS,Akzo Nobel NV,,,Stock,manual,2025-01-01,
NL0013654783,PRX.AS,PRX.AS,Prosus NV,,,Stock,manual,2025-01-01,
NL0014332678,JDEP.AS,JDEP.AS,JDE Peets NV,,,Stock,manual,2025-01-01,
NL0014559478,TE.PA,TE.PA,Technip Energies NV,,,Stock,manual,2025-01-01,
NL00150001Q9,STLAM.MI,STLAM.MI,Stellantis NV,,,Stock,manual,2025-01-01,
NL0015000IY2,UMG.AS,UMG.AS,Universal Music Group NV,,,Stock,manual,2025-01-01,
NL0015000LU4,IVG.MI,IVG.MI,Iveco Group NV,,,Stock,manual,2025-01-01,
NL0015001FS8,NL0015001FS8,NL0015001FS8,Ferrovial SE,,,Stock,manual,2025-01-01,
NL0015002CX3,QGEN,QGEN,Qiagen NV,,,Stock,manual,2025-01-01,
NL0015435975,CPR.MI,CPR.MI,Davide Campari Milano NV,,,Stock,manual,2025-01-01,
NO0003053605,STB.OL,STB.OL,Storebrand ASA,,,Stock,manual,2025-01-01,
NO0003054108,MOWI.OL,MOWI.OL,Mowi ASA,,,Stock,manual,2025-01-01,
NO0003055501,NOD.OL,NOD.OL,Nordic Semiconductor ASA,,,Stock,manual,2025-01-01,
NO0003733800,ORK.OL,ORK.OL,Orkla ASA,,,Stock,manual,2025-01-01,
NO0005052605,NHY.OL,NHY.OL,Norsk Hydro ASA,,,Stock,manual,2025-01-01,
NO0010063308,TEL.OL,TEL.OL,Telenor ASA,,,Stock,manual,2025-01-01,
NO0010096985,EQNR.OL,EQNR.OL,Equinor ASA,,,Stock,manual,2025-01-01,
NO0010161896,NO0010161896,NO0010161896,DNB Bank ASA,,,Stock,manual,2025-01-01,
NO0010208051,YAR.OL,YAR.OL,Yara International ASA,,,Stock,manual,2025-01-01,
NO0010310956,SALM.OL,SALM.OL,SalMar ASA,,,Stock,manual,2025-01-01,
NO0010345853,AKRBP.OL,AKRBP.OL,Aker BP ASA,,,Stock,manual,2025-01-01,
NO0010582521,GJF.OL,GJF.OL,Gjensidige Forsikring ASA,,,Stock,manual,2025-01-01,
NO0010631567,SB1NO.OL,SB1NO.OL,Sparebank 1 Sor-Norge ASA,,,Stock,manual,2025-01-01,
NO0011202772,VAR.OL,VAR.OL,Var Energi ASA,,,Stock,manual,2025-01-01,
NO0012470089,TOM.OL,TOM.OL,Tomra Systems ASA,,,Stock,manual,2025-01-01,
NO0013536151,KOG.OL,KOG.OL,Kongsberg Gruppen ASA,,,Stock,manual,2025-01-01,
PLBRE0000012,MBK.WA,MBK.WA,mBank SA,,,Stock,manual,2025-01-01,
PLBZ00000044,SPL.WA,SPL.WA,Santander Bank Polska SA,,,Stock,manual,2025-01-01,
PLDINPL00011,DNP.WA,DNP.WA,Dino Polska SA,,,Stock,manual,2025-01-01,
PLKGHM000017,KGH.WA,KGH.WA,KGHM Polska Miedz SA,,,Stock,manual,2025-01-01,
PLLPP0000011,LPP.WA,LPP.WA,LPP SA,,,Stock,manual,2025-01-01,
PLOPTTC00011,CDR.WA,CDR.WA,CD Projekt SA,,,Stock,manual,2025-01-01,
PLPEKAO00016,PEO.WA,PEO.WA,Bank Polska Kasa Opieki SA,,,Stock,manual,2025-01-01,
PLPKN0000018,PKN.WA,PKN.WA,Orlen SA,,,Stock,manual,2025-01-01,
PLPKO0000016,PKO.WA,PKO.WA,Powszechna Kasa Oszczednosci Bank Polski SA,,,Stock,manual,2025-01-01,
PLPZU0000011,PZU.WA,PZU.WA,Powszechny Zaklad Ubezpieczen SA,,,Stock,manual,2025-01-01,
PTBCP0AM0015,BCP.LS,BCP.LS,Banco Comercial Portugues SA,,,Stock,manual,2025-01-01,
PTEDP0AM0009,EDP.LS,EDP.LS,EDP SA,,,Stock,manual,2025-01-01,
PTGAL0AM0009,GALP.LS,GALP.LS,Galp Energia SGPS SA,,,Stock,manual,2025-01-01,
PTJMT0AE0001,JMT.LS,JMT.LS,Jeronimo Martins SGPS SA,,,Stock,manual,2025-01-01,
SE0000106270,HM B.ST,HM B.ST,H & M Hennes & Mauritz AB,,,Stock,manual,2025-01-01,
SE0000107203,SE0000107203,SE0000107203,AB Industrivärden (publ),,,Stock,manual,2025-01-01,
SE0000108227,SKF B.ST,SKF B.ST,SKF AB,,,Stock,manual,2025-01-01,
SE0000108656,ERIC B.ST,ERIC B.ST,Telefonaktiebolaget LM Ericsson,,,Stock,manual,2025-01-01,
SE0000108847,LUND B.ST,LUND B.ST,L E Lundbergforetagen AB (publ),,,Stock,manual,2025-01-01,
SE0000112724,SCA B.ST,SCA B.ST,Svenska Cellulosa Aktiebolaget SCA,,,Stock,manual,2025-01-01,
SE0000113250,SKA B.ST,SKA B.ST,Skanska AB,,,Stock,manual,2025-01-01,
SE0000114837,TREL B.ST,TREL B.ST,Trelleborg AB,,,Stock,manual,2025-01-01,
SE0000115446,VOLV B.ST,VOLV B.ST,Volvo AB,,,Stock,manual,2025-01-01,
SE0000120669,SE0000120669,SE0000120669,SSAB AB (publ),,,Stock,manual,2025-01-01,
SE0000148884,SEB A.ST,SEB A.ST,Skandinaviska Enskilda Banken AB,,,Stock,manual,2025-01-01,
SE0000163594,SECU B.ST,SECU B.ST,Securitas AB,,,Stock,manual,2025-01-01,
SE0000202624,GETI B.ST,GETI B.ST,Getinge AB,,,Stock,manual,2025-01-01,
SE0000242455,SWED A.ST,SWED A.ST,Swedbank AB,,,Stock,manual,2025-01-01,
SE0000379190,CAST.ST,CAST.ST,Castellum AB,,,Stock,manual,2025-01-01,
SE0000667891,SAND.ST,SAND.ST,Sandvik AB,,,Stock,manual,2025-01-01,
SE0000667925,TELIA.ST,TELIA.ST,Telia Company AB,,,Stock,manual,2025-01-01,
SE0000695876,ALFA.ST,ALFA.ST,Alfa Laval AB,,,Stock,manual,2025-01-01,
SE0000872095,SOBI.ST,SOBI.ST,Swedish Orphan Biovitrum AB (publ),,,Stock,manual,2025-01-01,
SE0001515552,INDT.ST,INDT.ST,Indutrade AB,,,Stock,manual,2025-01-01,
SE0005127818,SE0005127818,SE0005127818,AB Sagax (publ),,,Stock,manual,2025-01-01,
SE0005190238,TEL2 B.ST,TEL2 B.ST,Tele2 AB,,,Stock,manual,2025-01-01,
SE0006422390,THULE.ST,THULE.ST,Thule Group AB,,,Stock,manual,2025-01-01,
SE0006993770,AXFO.ST,AXFO.ST,Axfood AB,,,Stock,manual,2025-01-01,
SE0007074281,HPOL B.ST,HPOL B.ST,Hexpol AB,,,Stock,manual,2025-01-01,
SE0007100581,ASSA B.ST,ASSA B.ST,Assa Abloy AB,,,Stock,manual,2025-01-01,
SE0007100599,SHB A.ST,SHB A.ST,Svenska Handelsbanken AB,,,Stock,manual,2025-01-01,
SE0007692850,CAMX.ST,CAMX.ST,Camurus AB,,,Stock,manual,2025-01-01,
SE0009922164,ESSITY B.ST,ESSITY B.ST,Essity AB (publ),,,Stock,manual,2025-01-01,
SE0010100958,LATO B.ST,LATO B.ST,Investment AB Latour,,,Stock,manual,2025-01-01,
SE0011090018,HOLM B.ST,HOLM B.ST,Holmen AB,,,Stock,manual,2025-01-01,
SE0011337708,AAK.ST,AAK.ST,AAK AB (publ),,,Stock,manual,2025-01-01,
SE0012454072,AZA.ST,AZA.ST,Avanza Bank Holding AB,,,Stock,manual,2025-01-01,
SE0012673267,EVO.ST,EVO.ST,Evolution AB (publ),,,Stock,manual,2025-01-01,
SE0012853455,EQT.ST,EQT.ST,EQT AB,,,Stock,manual,2025-01-01,
SE0014504817,LOOMIS.ST,LOOMIS.ST,Loomis AB,,,Stock,manual,2025-01-01,
SE0014781795,ADDT B.ST,ADDT B.ST,Addtech AB,,,Stock,manual,2025-01-01,
SE0014960373,SWEC B.ST,SWEC B.ST,Sweco AB (publ),,,Stock,manual,2025-01-01,
SE0014990966,LAGR B.ST,LAGR B.ST,Lagercrantz Group AB,,,Stock,manual,2025-01-01,
SE0015192067,SAVE.ST,SAVE.ST,Nordnet AB (publ),,,Stock,manual,2025-01-01,
SE0015658109,EPI A.ST,EPI A.ST,Epiroc AB,,,Stock,manual,2025-01-01,
SE0015671995,HEM.ST,HEM.ST,Hemnet Group AB (publ),,,Stock,manual,2025-01-01,
SE0015811963,INVE B.ST,INVE B.ST,Investor AB,,,Stock,manual,2025-01-01,
SE0015949201,LIFCO B.ST,LIFCO B.ST,Lifco AB (publ),,,Stock,manual,2025-01-01,
SE0015949748,BEIJ B.ST,BEIJ B.ST,Beijer Ref AB (publ),,,Stock,manual,2025-01-01,
SE0015961909,HEXA B.ST,HEXA B.ST,Hexagon AB,,,Stock,manual,2025-01-01,
SE0015988019,NIBE B.ST,NIBE B.ST,Nibe Industrier AB,,,Stock,manual,2025-01-01,
SE0017486889,ATCO A.ST,ATCO A.ST,Atlas Copco AB,,,Stock,manual,2025-01-01,
SE0017780133,WALL B.ST,WALL B.ST,Wallenstam AB,,,Stock,manual,2025-01-01,
SE0017832488,BALD B.ST,BALD B.ST,Fastighets AB Balder,,,Stock,manual,2025-01-01,
SE0018012635,WIHL.ST,WIHL.ST,Wihlborgs Fastigheter AB,,,Stock,manual,2025-01-01,
SE0020050417,BOL.ST,BOL.ST,Boliden AB,,,Stock,manual,2025-01-01,
SE0021921269,SAAB B.ST,SAAB B.ST,Saab AB,,,Stock,manual,2025-01-01,
SE0022060521,KINV B.ST,KINV B.ST,Kinnevik AB,,,Stock,manual,2025-01-01,
SE0022419784,SECT B.ST,SECT B.ST,Sectra AB,,,Stock,manual,2025-01-01,
SE0025158629,MYCR.ST,MYCR.ST,Mycronic AB (publ),,,Stock,manual,2025-01-01,
SG1F60858221,S63.SI,S63.SI,Singapore Technologies Engineering Ltd,,,Stock,manual,2025-01-01,
SG1J26887955,S68.SI,S68.SI,Singapore Exchange Ltd,,,Stock,manual,2025-01-01,
SG1L01001701,D05.SI,D05.SI,DBS Group Holdings Ltd,,,Stock,manual,2025-01-01,
SG1T75931496,Z74.SI,Z74.SI,Singapore Telecommunications Ltd,,,Stock,manual,2025-01-01,
SG1U68934629,BN4.SI,BN4.SI,Keppel Ltd,,,Stock,manual,2025-01-01,
SG1U76934819,BS6.SI,BS6.SI,Yangzijiang Shipbuilding (Holdings) Ltd,,,Stock,manual,2025-01-01,
SG9999000020,FLEX,FLEX,Flex Ltd,,,Stock,manual,2025-01-01,
US00766T1007,ACM,ACM,AECOM,,,Stock,manual,2025-01-01,
US0080731088,AVAV,AVAV,AeroVironment Inc,,,Stock,manual,2025-01-01,
US0090661010,ABNB,ABNB,Airbnb Inc,,,Stock,manual,2025-01-01,
US02043Q1076,ALNY,ALNY,Alnylam Pharmaceuticals Inc,,,Stock,manual,2025-01-01,
US02156V1098,OKLO,OKLO,Oklo Inc,,,Stock,manual,2025-01-01,
US0239391016,AMTM,AMTM,Amentum Holdings Inc,,,Stock,manual,2025-01-01,
US0255371017,AEP,AEP,American Electric Power Company Inc,,,Stock,manual,2025-01-01,
US03073E1055,COR,COR,Cencora Inc,,,Stock,manual,2025-01-01,
US0320951017,APH,APH,Amphenol Corp,,,Stock,manual,2025-01-01,
US03831W1080,APP,APP,Applovin Corp,,,Stock,manual,2025-01-01,
US0404132054,ANET,ANET,Arista Networks Inc,,,Stock,manual,2025-01-01,
US0427351004,ARW,ARW,Arrow Electronics Inc,,,Stock,manual,2025-01-01,
US04626A1034,ALAB,ALAB,Astera Labs Inc,,,Stock,manual,2025-01-01,
US0495601058,ATO,ATO,Atmos Energy Corp,,,Stock,manual,2025-01-01,
US0533321024,AZO,AZO,Autozone Inc,,,Stock,manual,2025-01-01,
US0534841012,AVB,AVB,AvalonBay Communities Inc,,,Stock,manual,2025-01-01,
US05464C1018,AXON,AXON,Axon Enterprise Inc,,,Stock,manual,2025-01-01,
US0640581007,BK,BK,Bank of New York Mellon Corp,,,Stock,manual,2025-01-01,
US0718131099,BAX,BAX,Baxter International Inc,,,Stock,manual,2025-01-01,
US09260D1072,BX,BX,Blackstone Inc,,,Stock,manual,2025-01-01,
US0937121079,BE,BE,Bloom Energy Corp,,,Stock,manual,2025-01-01,
US0995021062,BAH,BAH,Booz Allen Hamilton Holding Corp,,,Stock,manual,2025-01-01,
US1033041013,BYD,BYD,Boyd Gaming Corp,,,Stock,manual,2025-01-01,
US11135F1012,AVGO,AVGO,Broadcom Inc,,,Stock,manual,2025-01-01,
US12504L1098,CBRE,CBRE,CBRE Group Inc,,,Stock,manual,2025-01-01,
US1252691001,CF,CF,CF Industries Holdings Inc,,,Stock,manual,2025-01-01,
US12541W2098,CHRW,CHRW,CH Robinson Worldwide Inc,,,Stock,manual,2025-01-01,
US1255231003,CI,CI,Cigna Group,,,Stock,manual,2025-01-01,
US1271903049,CACI,CACI,CACI International Inc,,,Stock,manual,2025-01-01,
US1273871087,CDNS,CDNS,Cadence Design Systems Inc,,,Stock,manual,2025-01-01,
US14149Y1082,CAH,CAH,Cardinal Health Inc,,,Stock,manual,2025-01-01,
US1598641074,CRL,CRL,Charles River Laboratories International Inc,,,Stock,manual,2025-01-01,
US1717793095,CIEN,CIEN,Ciena Corp,,,Stock,manual,2025-01-01,
US18915M1071,NET,NET,Cloudflare Inc,,,Stock,manual,2025-01-01,
US1999081045,FIX,FIX,Comfort Systems USA Inc,,,Stock,manual,2025-01-01,
US20030N1019,CMCSA,CMCSA,Comcast Corp,,,Stock,manual,2025-01-01,
US2166485019,COO,COO,Cooper Companies Inc,,,Stock,manual,2025-01-01,
US2172041061,CPRT,CPRT,Copart Inc,,,Stock,manual,2025-01-01,
US21873S1087,CRWV,CRWV,CoreWeave Inc,,,Stock,manual,2025-01-01,
US2244081046,US2244081046,US2244081046,Crane Company,,,Stock,manual,2025-01-01,
US22788C1053,CRWD,CRWD,CrowdStrike Holdings Inc,,,Stock,manual,2025-01-01,
US2315611010,CW,CW,Curtiss-Wright Corp,,,Stock,manual,2025-01-01,
US2372661015,DAR,DAR,Darling Ingredients Inc,,,Stock,manual,2025-01-01,
US23918K1088,DVA,DVA,DaVita Inc,,,Stock,manual,2025-01-01,
US2521311074,DXCM,DXCM,Dexcom Inc,,,Stock,manual,2025-01-01,
US2561631068,DOCU,DOCU,DocuSign Inc,,,Stock,manual,2025-01-01,
US2567461080,DLTR,DLTR,Dollar Tree Inc,,,Stock,manual,2025-01-01,
US25746U1097,D,D,Dominion Energy Inc,,,Stock,manual,2025-01-01,
US25809K1051,DASH,DASH,DoorDash Inc,,,Stock,manual,2025-01-01,
US25862V1052,DV,DV,DoubleVerify Holdings Inc,,,Stock,manual,2025-01-01,
US2600031080,DOV,DOV,Dover Corp,,,Stock,manual,2025-01-01,
US26142V1052,DKNG,DKNG,Draftkings Inc,,,Stock,manual,2025-01-01,
US26614N1028,DD,DD,Dupont De Nemours Inc,,,Stock,manual,2025-01-01,
US26884L1098,EQT,EQT,EQT Corp,,,Stock,manual,2025-01-01,
US2786421030,EBAY,EBAY,eBay Inc,,,Stock,manual,2025-01-01,
US2787681061,SATS,SATS,EchoStar Corp,,,Stock,manual,2025-01-01,
US28176E1082,EW,EW,Edwards Lifesciences Corp,,,Stock,manual,2025-01-01,
US2855121099,EA,EA,Electronic Arts Inc,,,Stock,manual,2025-01-01,
US29084Q1004,EME,EME,EMCOR Group Inc,,,Stock,manual,2025-01-01,
US29355A1079,ENPH,ENPH,Enphase Energy Inc,,,Stock,manual,2025-01-01,
US29364G1031,ETR,ETR,Entergy Corp,,,Stock,manual,2025-01-01,
US29530P1021,ERIE,ERIE,Erie Indemnity Co,,,Stock,manual,2025-01-01,
US29786A1060,ETSY,ETSY,ETSY Inc,,,Stock,manual,2025-01-01,
US30034W1062,EVRG,EVRG,Evergy Inc,,,Stock,manual,2025-01-01,
US3020811044,EXLS,EXLS,Exlservice Holdings Inc,,,Stock,manual,2025-01-01,
US3029411093,FCN,FCN,FTI Consulting Inc,,,Stock,manual,2025-01-01,
US3119001044,FAST,FAST,Fastenal Co,,,Stock,manual,2025-01-01,
US3156161024,FFIV,FFIV,F5 Inc,,,Stock,manual,2025-01-01,
US31620M1062,FIS,FIS,Fidelity National Information Services Inc,,,Stock,manual,2025-01-01,
US3205171057,FHN,FHN,First Horizon Corp,,,Stock,manual,2025-01-01,
US3364331070,FSLR,FSLR,First Solar Inc,,,Stock,manual,2025-01-01,
US35137L1052,FOXA,FOXA,Fox Corp,,,Stock,manual,2025-01-01,
US35137L2043,US35137L2043,US35137L2043,Fox Corporation,,,Stock,manual,2025-01-01,
US36118L1061,FUTU,FUTU,Futu Holdings Ltd,,,Stock,manual,2025-01-01,
US3666511072,IT,IT,Gartner Inc,,,Stock,manual,2025-01-01,
US36828A1016,GEV,GEV,GE Vernova Inc,,,Stock,manual,2025-01-01,
US3696043013,GE,GE,General Electric Co,,,Stock,manual,2025-01-01,
US3724601055,GPC,GPC,Genuine Parts Co,,,Stock,manual,2025-01-01,
US3755581036,GILD,GILD,Gilead Sciences Inc,,,Stock,manual,2025-01-01,
US3795772082,GMED,GMED,Globus Medical Inc,,,Stock,manual,2025-01-01,
US40412C1018,HCA,HCA,HCA Healthcare Inc,,,Stock,manual,2025-01-01,
US40434L1052,HPQ,HPQ,HP Inc,,,Stock,manual,2025-01-01,
US4228061093,HEI,HEI,HEICO Corp,,,Stock,manual,2025-01-01,
US4228062083,US4228062083,US4228062083,HEICO Corporation,,,Stock,manual,2025-01-01,
US42824C1099,HPE,HPE,Hewlett Packard Enterprise Co,,,Stock,manual,2025-01-01,
US4370761029,HD,HD,Home Depot Inc,,,Stock,manual,2025-01-01,
US44267T1025,HHH,HHH,Howard Hughes Holdings Inc,,,Stock,manual,2025-01-01,
US4432011082,HWM,HWM,Howmet Aerospace Inc,,,Stock,manual,2025-01-01,
US4448591028,HUM,HUM,Humana Inc,,,Stock,manual,2025-01-01,
US4464131063,HII,HII,Huntington Ingalls Industries Inc,,,Stock,manual,2025-01-01,
US4470111075,HUN,HUN,Huntsman Corp,,,Stock,manual,2025-01-01,
US45167R1041,IEX,IEX,IDEX Corp,,,Stock,manual,2025-01-01,
US45168D1046,IDXX,IDXX,IDEXX Laboratories Inc,,,Stock,manual,2025-01-01,
US45337C1027,INCY,INCY,Incyte Corp,,,Stock,manual,2025-01-01,
US4576693075,INSM,INSM,Insmed Inc,,,Stock,manual,2025-01-01,
US45784P1012,PODD,PODD,Insulet Corp,,,Stock,manual,2025-01-01,
US45841N1072,IBKR,IBKR,Interactive Brokers Group Inc,,,Stock,manual,2025-01-01,
US46222L1089,IONQ,IONQ,IONQ Inc,,,Stock,manual,2025-01-01,
US46266C1053,IQV,IQV,IQVIA Holdings Inc,,,Stock,manual,2025-01-01,
US46269C1027,IRDM,IRDM,Iridium Communications Inc,,,Stock,manual,2025-01-01,
US4663131039,JBL,JBL,Jabil Inc,,,Stock,manual,2025-01-01,
US48242W1062,KBR,KBR,KBR Inc,,,Stock,manual,2025-01-01,
US4859241048,KRMN,KRMN,Karman Holdings Inc,,,Stock,manual,2025-01-01,
US50077B2079,KTOS,KTOS,Kratos Defense and Security Solutions Inc,,,Stock,manual,2025-01-01,
US50212V1008,LPLA,LPLA,LPL Financial Holdings Inc,,,Stock,manual,2025-01-01,
US5024311095,LHX,LHX,L3Harris Technologies Inc,,,Stock,manual,2025-01-01,
US5128073062,LRCX,LRCX,Lam Research Corp,,,Stock,manual,2025-01-01,
US5253271028,LDOS,LDOS,Leidos Holdings Inc,,,Stock,manual,2025-01-01,
US52661A1088,DRS,DRS,Leonardo DRS Inc,,,Stock,manual,2025-01-01,
US5312297485,US5312297485,US5312297485,Liberty Live Group,,,Stock,manual,2025-01-01,
US5339001068,LECO,LECO,Lincoln Electric Holdings Inc,,,Stock,manual,2025-01-01,
US5486611073,LOW,LOW,Lowe's Companies Inc,,,Stock,manual,2025-01-01,
US55261F1049,MTB,MTB,M&T Bank Corp,,,Stock,manual,2025-01-01,
US5705351048,MKL,MKL,Markel Group Inc,,,Stock,manual,2025-01-01,
US5738741041,MRVL,MRVL,Marvell Technology Inc,,,Stock,manual,2025-01-01,
US58933Y1055,MRK,MRK,Merck & Co Inc,,,Stock,manual,2025-01-01,
US5893781089,MRCY,MRCY,Mercury Systems Inc,,,Stock,manual,2025-01-01,
US60770K1079,MRNA,MRNA,Moderna Inc,,,Stock,manual,2025-01-01,
US6153942023,MOG.A,MOG.A,Moog Inc,,,Stock,manual,2025-01-01,
US61945C1036,MOS,MOS,Mosaic Co,,,Stock,manual,2025-01-01,
US6247561029,MLI,MLI,Mueller Industries Inc,,,Stock,manual,2025-01-01,
US6293775085,NRG,NRG,NRG Energy Inc,,,Stock,manual,2025-01-01,
US64110D1046,NTAP,NTAP,NetApp Inc,,,Stock,manual,2025-01-01,
US65473P1057,NI,NI,NiSource Inc,,,Stock,manual,2025-01-01,
US6710441055,OSIS,OSIS,OSI Systems Inc,,,Stock,manual,2025-01-01,
US6795801009,ODFL,ODFL,Old Dominion Freight Line Inc,,,Stock,manual,2025-01-01,
US68902V1070,OTIS,OTIS,Otis Worldwide Corp,,,Stock,manual,2025-01-01,
US70202L1026,PSN,PSN,Parsons Corp,,,Stock,manual,2025-01-01,
US71377A1034,PFGC,PFGC,Performance Food Group Co,,,Stock,manual,2025-01-01,
US72352L1061,PINS,PINS,Pinterest Inc,,,Stock,manual,2025-01-01,
US73278L1052,POOL,POOL,Pool Corp,,,Stock,manual,2025-01-01,
US74144T1088,TROW,TROW,T Rowe Price Group Inc,,,Stock,manual,2025-01-01,
US7416231022,PRMB,PRMB,Primo Brands Corp,,,Stock,manual,2025-01-01,
US74251V1026,PFG,PFG,Principal Financial Group Inc,,,Stock,manual,2025-01-01,
US7436061052,PB,PB,Prosperity Bancshares Inc,,,Stock,manual,2025-01-01,
US74624M1027,PSTG,PSTG,Pure Storage Inc,,,Stock,manual,2025-01-01,
US74762E1029,PWR,PWR,Quanta Services Inc,,,Stock,manual,2025-01-01,
US7509401086,RAL,RAL,Ralliant Corp,,,Stock,manual,2025-01-01,
US75734B1008,RDDT,RDDT,Reddit Inc,,,Stock,manual,2025-01-01,
US7591EP1005,RF,RF,Regions Financial Corp,,,Stock,manual,2025-01-01,
US77311W1018,RKT,RKT,Rocket Companies Inc,,,Stock,manual,2025-01-01,
US7731211089,RKLB,RKLB,Rocket Lab Corp,,,Stock,manual,2025-01-01,
US7739031091,ROK,ROK,Rockwell Automation Inc,,,Stock,manual,2025-01-01,
US7766961061,ROP,ROP,Roper Technologies Inc,,,Stock,manual,2025-01-01,
US8086251076,SAIC,SAIC,Science Applications International Corp,,,Stock,manual,2025-01-01,
US81141R1005,SE,SE,Sea Ltd,,,Stock,manual,2025-01-01,
US8168511090,SRE,SRE,Sempra,,,Stock,manual,2025-01-01,
US83406F1021,SOFI,SOFI,SoFi Technologies Inc,,,Stock,manual,2025-01-01,
US8740541094,TTWO,TTWO,Take-Two Interactive Software Inc,,,Stock,manual,2025-01-01,
US8760301072,TPR,TPR,Tapestry Inc,,,Stock,manual,2025-01-01,
US8807701029,TER,TER,Teradyne Inc,,,Stock,manual,2025-01-01,
US88339J1051,TTD,TTD,Trade Desk Inc,,,Stock,manual,2025-01-01,
US8894781033,TOL,TOL,Toll Brothers Inc,,,Stock,manual,2025-01-01,
US89417E1091,TRV,TRV,Travelers Companies Inc,,,Stock,manual,2025-01-01,
US9024941034,TSN,TSN,Tyson Foods Inc,,,Stock,manual,2025-01-01,
US9026811052,UGI,UGI,UGI Corp,,,Stock,manual,2025-01-01,
US90384S3031,ULTA,ULTA,Ulta Beauty Inc,,,Stock,manual,2025-01-01,
US9113631090,URI,URI,United Rentals Inc,,,Stock,manual,2025-01-01,
US9282541013,VIRT,VIRT,Virtu Financial Inc,,,Stock,manual,2025-01-01,
US9291601097,VMC,VMC,Vulcan Materials Co,,,Stock,manual,2025-01-01,
US92939U1060,WEC,WEC,WEC Energy Group Inc,,,Stock,manual,2025-01-01,
US9344231041,WBD,WBD,Warner Bros Discovery Inc,,,Stock,manual,2025-01-01,
US95082P1057,WCC,WCC,Wesco International Inc,,,Stock,manual,2025-01-01,
US9553061055,WST,WST,West Pharmaceutical Services Inc,,,Stock,manual,2025-01-01,
US9581021055,WDC,WDC,Western Digital Corp,,,Stock,manual,2025-01-01,
US98138H1014,WDAY,WDAY,Workday Inc,,,Stock,manual,2025-01-01,
US98419M1009,XYL,XYL,Xylem Inc,,,Stock,manual,2025-01-01,
US9884981013,YUM,YUM,Yum! Brands Inc,,,Stock,manual,2025-01-01,
US9892071054,ZBRA,ZBRA,Zebra Technologies Corp,,,Stock,manual,2025-01-01,
US98980G1022,ZS,ZS,Zscaler Inc,,,Stock,manual,2025-01-01,
CH1429326825,CH1429326825,CH1429326825,Siegfried Holding AG,,,Stock,manual,2025-01-01,
CH1430134226,AMRZ.SW,AMRZ.SW,Amrize AG,,,Stock,manual,2025-01-01,
CY0200352116,FRO,FRO,Frontline Plc,,,Stock,manual,2025-01-01,
DE0005140008,DBK.DE,DBK.DE,Deutsche Bank AG,,,Stock,manual,2025-01-01,
DE0005158703,BC8.DE,BC8.DE,Bechtle AG,,,Stock,manual,2025-01-01,
DE0005190003,BMW.DE,BMW.DE,Bayerische Motoren Werke AG,,,Stock,manual,2025-01-01,
DE0005200000,BEI.DE,BEI.DE,Beiersdorf AG,,,Stock,manual,2025-01-01,
DE0005439004,CON.DE,CON.DE,Continental AG,,,Stock,manual,2025-01-01,
DE0005470306,EVD.DE,EVD.DE,CTS Eventim AG & Co KgaA,,,Stock,manual,2025-01-01,
DE0005470405,LXS.DE,LXS.DE,Lanxess AG,,,Stock,manual,2025-01-01,
DE0005552004,DHL.DE,DHL.DE,Deutsche Post AG,,,Stock,manual,2025-01-01,
DE0005557508,DTE.DE,DTE.DE,Deutsche Telekom AG,,,Stock,manual,2025-01-01,
DE0005773303,FRA.DE,FRA.DE,Fraport Frankfurt Airport Services Worldwide AG,,,Stock,manual,2025-01-01,
DE0005785604,FRE.DE,FRE.DE,Fresenius SE & Co KGaA,,,Stock,manual,2025-01-01,
DE0005785802,FME.DE,FME.DE,Fresenius Medical Care AG,,,Stock,manual,2025-01-01,
DE0005810055,DB1.DE,DB1.DE,Deutsche Boerse AG,,,Stock,manual,2025-01-01,
DE0005909006,GBF.DE,GBF.DE,Bilfinger SE,,,Stock,manual,2025-01-01,
DE0006047004,HEI.DE,HEI.DE,Heidelberg Materials AG,,,Stock,manual,2025-01-01,
DE0006048432,HEN3.DE,HEN3.DE,Henkel AG & Co KGaA,,,Stock,manual,2025-01-01,
DE0006070006,HOT.DE,HOT.DE,Hochtief AG,,,Stock,manual,2025-01-01,
DE0006231004,IFX.DE,IFX.DE,Infineon Technologies AG,,,Stock,manual,2025-01-01,
DE0006452907,NEM.DE,NEM.DE,Nemetschek SE,,,Stock,manual,2025-01-01,
DE0006599905,MRK.DE,MRK.DE,Merck KGaA,,,Stock,manual,2025-01-01,
DE0006602006,DE0006602006,DE0006602006,GEA Group Aktiengesellschaft,,,Stock,manual,2025-01-01,
DE0006766504,DE0006766504,DE0006766504,Aurubis AG,,,Stock,manual,2025-01-01,
DE0006969603,DE0006969603,DE0006969603,PUMA SE,,,Stock,manual,2025-01-01,
DE0007010803,DE0007010803,DE0007010803,RATIONAL Aktiengesellschaft,,,Stock,manual,2025-01-01,
DE0007037129,DE0007037129,DE0007037129,RWE Aktiengesellschaft,,,Stock,manual,2025-01-01,
DE0007100000,DE0007100000,DE0007100000,Mercedes-Benz Group AG,,,Stock,manual,2025-01-01,
DE0007164600,DE0007164600,DE0007164600,SAP SE,,,Stock,manual,2025-01-01,
DE0007165631,DE0007165631,DE0007165631,Sartorius Aktiengesellschaft,,,Stock,manual,2025-01-01,
DE0007236101,DE0007236101,DE0007236101,Siemens Aktiengesellschaft,,,Stock,manual,2025-01-01,
DE0007664039,DE0007664039,DE0007664039,Volkswagen AG,,,Stock,manual,2025-01-01,
DE0008232125,DE0008232125,DE0008232125,Deutsche Lufthansa AG,,,Stock,manual,2025-01-01,
DE0008303504,DE0008303504,DE0008303504,TAG Immobilien AG,,,Stock,manual,2025-01-01,
DE0008402215,DE0008402215,DE0008402215,Hannover Rück SE,,,Stock,manual,2025-01-01,
DE0008430026,DE0008430026,DE0008430026,Münchener Rückversicherungs-Gesellschaft Aktiengesellschaft in München,,,Stock,manual,2025-01-01,
DE000A0D6554,DE000A0D6554,DE000A0D6554,Nordex SE,,,Stock,manual,2025-01-01,
DE000A0D9PT0,DE000A0D9PT0,DE000A0D9PT0,MTU Aero Engines AG,,,Stock,manual,2025-01-01,
DE000A0Z2ZZ5,DE000A0Z2ZZ5,DE000A0Z2ZZ5,freenet AG,,,Stock,manual,2025-01-01,
DE000A12DM80,DE000A12DM80,DE000A12DM80,Scout24 SE,,,Stock,manual,2025-01-01,
DE000A1DAHH0,DE000A1DAHH0,DE000A1DAHH0,Brenntag SE,,,Stock,manual,2025-01-01,
DE000A1EWWW0,DE000A1EWWW0,DE000A1EWWW0,adidas AG,,,Stock,manual,2025-01-01,
DE000A1ML7J1,VNA.DE,VNA.DE,Vonovia SE,,,Stock,manual,2025-01-01,
DE000A2E4K43,DHER.DE,DHER.DE,Delivery Hero SE,,,Stock,manual,2025-01-01,
DE000A2LQ884,AG1.DE,AG1.DE,AUTO1 Group SE,,,Stock,manual,2025-01-01,
DE000A3E5D64,FPE3.DE,FPE3.DE,Fuchs Se,,,Stock,manual,2025-01-01,
DE000AUM0V10,AMV0.DE,AMV0.DE,Aumovio Se,,,Stock,manual,2025-01-01,
DE000BASF111,BAS.DE,BAS.DE,BASF SE,,,Stock,manual,2025-01-01,
DE000BAY0017,BAYN.DE,BAYN.DE,Bayer AG,,,Stock,manual,2025-01-01,
DE000C7GEKP7,DE000C7GEKP7,DE000C7GEKP7,Not Found,,,Stock,manual,2025-01-01,
DE000CBK1001,CBK.DE,CBK.DE,Commerzbank AG,,,Stock,manual,2025-01-01,
DE000DTR0CK8,DTG.DE,DTG.DE,Daimler Truck Holding AG,,,Stock,manual,2025-01-01,
DE000ENAG999,EOAN.DE,EOAN.DE,E.ON SE,,,Stock,manual,2025-01-01,
DE000ENER6Y0,ENR.DE,ENR.DE,Siemens Energy AG,,,Stock,manual,2025-01-01,
DE000EVNK013,EVK.DE,EVK.DE,Evonik Industries AG,,,Stock,manual,2025-01-01,
DE000FTG1111,FTK.DE,FTK.DE,flatexDEGIRO AG,,,Stock,manual,2025-01-01,
DE000HAG0005,HAG.DE,HAG.DE,Hensoldt AG,,,Stock,manual,2025-01-01,
DE000KBX1006,KBX.DE,KBX.DE,Knorr Bremse AG,,,Stock,manual,2025-01-01,
DE000KGX8881,KGX.DE,KGX.DE,Kion Group AG,,,Stock,manual,2025-01-01,
DE000KSAG888,SDF.DE,SDF.DE,K+S AG,,,Stock,manual,2025-01-01,
DE000LEG1110,LEG.DE,LEG.DE,LEG Immobilien SE,,,Stock,manual,2025-01-01,
DE000PAG9113,P911.DE,P911.DE,Dr Ing hc F Porsche AG,,,Stock,manual,2025-01-01,
DE000PAH0038,PAH3.DE,PAH3.DE,Porsche Automobil Holding SE,,,Stock,manual,2025-01-01,
DE000RENK730,DE000RENK730,DE000RENK730,RENK Group AG,,,Stock,manual,2025-01-01,
DE000SHL1006,DE000SHL1006,DE000SHL1006,Siemens Healthineers AG,,,Stock,manual,2025-01-01,
DE000SYM9999,DE000SYM9999,DE000SYM9999,Symrise AG,,,Stock,manual,2025-01-01,
DE000TKMS001,TKMS,TKMS.DE,TKMS AG & Co KGaA,,,Stock,manual,2025-01-01,
DE000TLX1005,DE000TLX1005,DE000TLX1005,Talanx AG,,,Stock,manual,2025-01-01,
DE000TUAG505,DE000TUAG505,DE000TUAG505,TUI AG,,,Stock,manual,2025-01-01,
DE000ZAL1111,DE000ZAL1111,DE000ZAL1111,Zalando SE,,,Stock,manual,2025-01-01,
DK0010181759,DK0010181759,DK0010181759,Carlsberg A/S,,,Stock,manual,2025-01-01,
DK0010234467,DK0010234467,DK0010234467,FLSmidth & Co. A/S,,,Stock,manual,2025-01-01,
DK0010244508,DK0010244508,DK0010244508,A.P. Møller - Mærsk A/S,,,Stock,manual,2025-01-01,
DK0010272202,DK0010272202,DK0010272202,Genmab A/S,,,Stock,manual,2025-01-01,
DK0010274414,DK0010274414,DK0010274414,Danske Bank A/S,,,Stock,manual,2025-01-01,
DK0010287663,DK0010287663,DK0010287663,NKT A/S,,,Stock,manual,2025-01-01,
DK0010307958,DK0010307958,DK0010307958,Jyske Bank A/S,,,Stock,manual,2025-01-01,
DK0010311471,DK0010311471,DK0010311471,Sydbank A/S,,,Stock,manual,2025-01-01,
DK0015998017,DK0015998017,DK0015998017,Bavarian Nordic A/S,,,Stock,manual,2025-01-01,
DK0060079531,DK0060079531,DK0060079531,DSV A/S,,,Stock,manual,2025-01-01,
DK0060094928,DK0060094928,DK0060094928,Ørsted A/S,,,Stock,manual,2025-01-01,
DK0060252690,DK0060252690,DK0060252690,Pandora A/S,,,Stock,manual,2025-01-01,
DK0060257814,DK0060257814,DK0060257814,Zealand Pharma A/S,,,Stock,manual,2025-01-01,
DK0060336014,DK0060336014,DK0060336014,Novozymes A/S,,,Stock,manual,2025-01-01,
DK0060448595,COLO B.CO,COLO B.CO,Coloplast A/S,,,Stock,manual,2025-01-01,
DK0060542181,ISS.CO,ISS.CO,ISS A/S,,,Stock,manual,2025-01-01,
DK0060634707,RBREW.CO,RBREW.CO,Royal Unibrew A/S,,,Stock,manual,2025-01-01,
DK0060636678,TRYG.CO,TRYG.CO,Tryg A/S,,,Stock,manual,2025-01-01,
DK0060738599,DEMANT.CO,DEMANT.CO,Demant A/S,,,Stock,manual,2025-01-01,
DK0060854669,RILBA.CO,RILBA.CO,Ringkjoebing Landbobank A/S,,,Stock,manual,2025-01-01,
DK0060946788,AMBU B.CO,AMBU B.CO,Ambu A/S,,,Stock,manual,2025-01-01,
DK0061539921,VWS.CO,VWS.CO,Vestas Wind Systems A/S,,,Stock,manual,2025-01-01,
DK0061802139,ALK B.CO,ALK B.CO,ALK-Abello A/S,,,Stock,manual,2025-01-01,
DK0062498333,NOVO B.CO,NOVO B.CO,Novo Nordisk A/S,,,Stock,manual,2025-01-01,
DK0063855168,ROCK B.CO,ROCK B.CO,Rockwool A/S,,,Stock,manual,2025-01-01,
ES0105025003,MRL.MC,MRL.MC,MERLIN Properties SOCIMI SA,,,Stock,manual,2025-01-01,
ES0105046017,AENA.MC,AENA.MC,Aena SME SA,,,Stock,manual,2025-01-01,
ES0105066007,CLNX.MC,CLNX.MC,Cellnex Telecom SA,,,Stock,manual,2025-01-01,
ES0105777017,PUIG.MC,PUIG.MC,Puig Brands SA,,,Stock,manual,2025-01-01,
ES0109067019,AMS.MC,AMS.MC,Amadeus IT Group SA,,,Stock,manual,2025-01-01,
ES0113211835,BBVA.MC,BBVA.MC,Banco Bilbao Vizcaya Argentaria SA,,,Stock,manual,2025-01-01,
ES0113679I37,BKT.MC,BKT.MC,Bankinter SA,,,Stock,manual,2025-01-01,
ES0113860A34,SAB.MC,SAB.MC,Banco de Sabadell SA,,,Stock,manual,2025-01-01,
ES0113900J37,SAN.MC,SAN.MC,Banco Santander SA,,,Stock,manual,2025-01-01,
ES0116870314,NTGY.MC,NTGY.MC,Naturgy Energy Group SA,,,Stock,manual,2025-01-01,
ES0118594417,ES0118594417,ES0118594417,"Indra Sistemas, S.A.",,,Stock,manual,2025-01-01,
ES0124244E34,ES0124244E34,ES0124244E34,"Mapfre, S.A.",,,Stock,manual,2025-01-01,
ES0125220311,ES0125220311,ES0125220311,"Acciona, S.A.",,,Stock,manual,2025-01-01,
ES0127797019,ES0127797019,ES0127797019,"EDP Renováveis, S.A.",,,Stock,manual,2025-01-01,
ES0130670112,ES0130670112,ES0130670112,"Endesa, S.A.",,,Stock,manual,2025-01-01,
ES0130960018,ES0130960018,ES0130960018,"Enagás, S.A.",,,Stock,manual,2025-01-01,
ES0140609019,ES0140609019,ES0140609019,"CaixaBank, S.A.",,,Stock,manual,2025-01-01,
ES0144580Y14,ES0144580Y14,ES0144580Y14,"Iberdrola, S.A.",,,Stock,manual,2025-01-01,
ES0148396007,ES0148396007,ES0148396007,"Industria de Diseño Textil, S.A.",,,Stock,manual,2025-01-01,
ES0167050915,ES0167050915,ES0167050915,"ACS, Actividades de Construcción y Servicios, S.A.",,,Stock,manual,2025-01-01,
ES0171996087,ES0171996087,ES0171996087,"Grifols, S.A.",,,Stock,manual,2025-01-01,
ES0173093024,ES0173093024,ES0173093024,"Redeia Corporación, S.A.",,,Stock,manual,2025-01-01,
ES0173516115,ES0173516115,ES0173516115,"Repsol, S.A.",,,Stock,manual,2025-01-01,
ES0177542018,ES0177542018,ES0177542018,International Consolidated Airlines Group S.A.,,,Stock,manual,2025-01-01,
ES0178430E18,ES0178430E18,ES0178430E18,"Telefónica, S.A.",,,Stock,manual,2025-01-01,
ES0180907000,ES0180907000,ES0180907000,"Unicaja Banco, S.A.",,,Stock,manual,2025-01-01,
ES0183746314,ES0183746314,ES0183746314,"Vidrala, S.A.",,,Stock,manual,2025-01-01,
ES0184262212,ES0184262212,ES0184262212,"Viscofan, S.A.",,,Stock,manual,2025-01-01,
ES06837469D8,ES06837469D8,ES06837469D8,Not Found,,,Stock,manual,2025-01-01,
US02079K3059,GOOGL,GOOGL,Alphabet Inc Class A,,Manual,Stock,manual,2025-01-01,
US02079K1079,GOOG,GOOG,Alphabet Inc Class C,,Manual,Stock,manual,2025-01-01,
US0846707026,BRKB,BRKB,Berkshire Hathaway Inc Class B,,Manual,Stock,manual,2025-01-01,
US64110L1061,NFLX,NFLX,Netflix Inc,,Manual,Stock,manual,2025-01-01,
US8725901040,TMUS,TMUS,T-Mobile US Inc,,Manual,Stock,manual,2025-01-01,
CA82509L1076,SHOP,SHOP,Shopify Inc,,Manual,Stock,manual,2025-01-01,
US0367511005,AMAT,AMAT,Applied Materials Inc,,Manual,Stock,manual,2025-01-01,
AT0000606306,RBI.VI,RBI.VI,Raiffeisen Bank International AG,,,Stock,manual,2025-01-01,
AT0000652011,EBS.VI,EBS.VI,Erste Group Bank AG,,,Stock,manual,2025-01-01,
AT0000730007,ANDR.VI,ANDR.VI,Andritz AG,,,Stock,manual,2025-01-01,
AT0000743059,OMV.VI,OMV.VI,OMV AG,,,Stock,manual,2025-01-01,
AT0000746409,VER.VI,VER.VI,Verbund AG,,,Stock,manual,2025-01-01,
AT0000831706,WIE.VI,WIE.VI,Wienerberger AG,,,Stock,manual,2025-01-01,
AT0000937503,VOE.VI,VOE.VI,voestalpine AG,,,Stock,manual,2025-01-01,
AT0000BAWAG2,BG.VI,BG.VI,BAWAG Group AG,,,Stock,manual,2025-01-01,
AU000000BXB1,BXB.AX,BXB.AX,Brambles Ltd,,,Stock,manual,2025-01-01,
AU000000EVN4,EVN.AX,EVN.AX,Evolution Mining Ltd,,,Stock,manual,2025-01-01,
AU000000LYC6,LYC.AX,LYC.AX,Lynas Rare Earths Ltd,,,Stock,manual,2025-01-01,
AU000000MPL3,MPL.AX,MPL.AX,Medibank Private Ltd,,,Stock,manual,2025-01-01,
AU000000PME8,PME.AX,PME.AX,Pro Medicus Ltd,,,Stock,manual,2025-01-01,
AU000000QAN2,QAN.AX,QAN.AX,Qantas Airways Ltd,,,Stock,manual,2025-01-01,
AU000000SGP0,SGP.AX,SGP.AX,Stockland Corporation Ltd,,,Stock,manual,2025-01-01,
AU000000TLS2,TLS.AX,TLS.AX,Telstra Group Ltd,,,Stock,manual,2025-01-01,
AU0000030678,COL.AX,COL.AX,Coles Group Ltd,,,Stock,manual,2025-01-01,
BE0003565737,KBC.BR,KBC.BR,Kbc Groep NV,,,Stock,manual,2025-01-01,
BE0003593044,COFB.BR,COFB.BR,Cofinimmo SA,,,Stock,manual,2025-01-01,
BE0003604155,LOTB.BR,LOTB.BR,Lotus Bakeries NV,,,Stock,manual,2025-01-01,
BE0003717312,SOF.BR,SOF.BR,Sofina SA,,,Stock,manual,2025-01-01,
BE0003739530,UCB.BR,UCB.BR,Ucb SA,,,Stock,manual,2025-01-01,
BE0003764785,ACKB.BR,ACKB.BR,Ackermans & Van Haaren NV,,,Stock,manual,2025-01-01,
BE0003797140,GBLB.BR,GBLB.BR,Groep Brussel Lambert NV,,,Stock,manual,2025-01-01,
BE0003822393,ELI.BR,ELI.BR,Elia Group SA,,,Stock,manual,2025-01-01,
BE0003823409,TUB.BR,TUB.BR,Financiere de Tubize SA,,,Stock,manual,2025-01-01,
BE0003851681,AED.BR,AED.BR,Aedifica NV,,,Stock,manual,2025-01-01,
BE0003867844,KBCA.BR,KBCA.BR,Kbc Ancora NV,,,Stock,manual,2025-01-01,
BE0974259880,DIE.BR,DIE.BR,D'Ieteren Group SA,,,Stock,manual,2025-01-01,
BE0974264930,AGS.BR,AGS.BR,Ageas SA,,,Stock,manual,2025-01-01,
BE0974293251,ABI.BR,ABI.BR,Anheuser-Busch Inbev SA,,,Stock,manual,2025-01-01,
BE0974320526,UMI.BR,UMI.BR,Umicore SA,,,Stock,manual,2025-01-01,
BE0974349814,WDP.BR,WDP.BR,Warehouses de Pauw NV,,,Stock,manual,2025-01-01,
BE0974400328,AZE.BR,AZE.BR,Azelis Group NV,,,Stock,manual,2025-01-01,
BE0974464977,SYENS.BR,SYENS.BR,Syensqo NV,,,Stock,manual,2025-01-01,
BMG0112X1056,AGN.AS,AGN.AS,Aegon Ltd,,,Stock,manual,2025-01-01,
BMG0450A1053,ACGL,ACGL,Arch Capital Group Ltd,,,Stock,manual,2025-01-01,
BMG4587L1090,H78.SI,H78.SI,Hongkong Land Holdings Ltd,,,Stock,manual,2025-01-01,
BMG507361001,J36.SI,J36.SI,Jardine Matheson Holdings Ltd,,,Stock,manual,2025-01-01,
CA0084741085,AEM.TO,AEM.TO,Agnico Eagle Mines Ltd,,,Stock,manual,2025-01-01,
CA0115321089,AGI.TO,AGI.TO,Alamos Gold Inc,,,Stock,manual,2025-01-01,
CA04764T1049,ATRL.TO,ATRL.TO,Atkinsrealis Group Inc,,,Stock,manual,2025-01-01,
CA0636711016,BMO.TO,BMO.TO,Bank of Montreal,,,Stock,manual,2025-01-01,
CA0641491075,BNS.TO,BNS.TO,Bank of Nova Scotia,,,Stock,manual,2025-01-01,
CA06849F1080,ABX.TO,ABX.TO,Barrick Mining Corp,,,Stock,manual,2025-01-01,
CA0977518616,BBD.B.TO,BBD.B.TO,Bombardier Inc,,,Stock,manual,2025-01-01,
CA11271J1075,BN,BN,Brookfield Corp,,,Stock,manual,2025-01-01,
CA11285B1085,BEPC,BEPC,Brookfield Renewable Corp,,,Stock,manual,2025-01-01,
CA1247651088,CAE.TO,CAE.TO,CAE Inc,,,Stock,manual,2025-01-01,
CA13321L1085,CCJ,CCJ,Cameco Corp,,,Stock,manual,2025-01-01,
CA1360691010,CM.TO,CM.TO,Canadian Imperial Bank of Commerce,,,Stock,manual,2025-01-01,
CA15101Q2071,CLS.TO,CLS.TO,Celestica Inc,,,Stock,manual,2025-01-01,
CA21037X1345,CA21037X1345,CA21037X1345,Not Found,,,Stock,manual,2025-01-01,
CA25675T1075,DOL.TO,DOL.TO,Dollarama Inc,,,Stock,manual,2025-01-01,
CA2861812014,EFN.TO,EFN.TO,Element Fleet Management Corp,,,Stock,manual,2025-01-01,
CA2908761018,EMA.TO,EMA.TO,Emera Inc,,,Stock,manual,2025-01-01,
CA3039011026,FFH.TO,FFH.TO,Fairfax Financial Holdings Ltd,,,Stock,manual,2025-01-01,
CA3518581051,FNV.TO,FNV.TO,Franco-Nevada Corp,,,Stock,manual,2025-01-01,
CA39138C1068,GWO.TO,GWO.TO,Great-West Lifeco Inc,,,Stock,manual,2025-01-01,
CA4495861060,IGM.TO,IGM.TO,IGM Financial Inc,,,Stock,manual,2025-01-01,
CA45075E1043,IAG.TO,IAG.TO,iA Financial Corporation Inc,,,Stock,manual,2025-01-01,
CA4969024047,K.TO,K.TO,Kinross Gold Corp,,,Stock,manual,2025-01-01,
CA5503711080,LUG.TO,LUG.TO,Lundin Gold Inc,,,Stock,manual,2025-01-01,
CA5503721063,LUN.TO,LUN.TO,Lundin Mining Corp,,,Stock,manual,2025-01-01,
CA6330671034,NA.TO,NA.TO,National Bank of Canada,,,Stock,manual,2025-01-01,
CA6837151068,OTEX.TO,OTEX.TO,Open Text Corp,,,Stock,manual,2025-01-01,
CA7392391016,POW.TO,POW.TO,Power Corporation of Canada,,,Stock,manual,2025-01-01,
CA7751092007,RCI.B.TO,RCI.B.TO,Rogers Communications Inc,,,Stock,manual,2025-01-01,
CA7800871021,RY.TO,RY.TO,Royal Bank of Canada,,,Stock,manual,2025-01-01,
CA8029121057,SAP.TO,SAP.TO,Saputo Inc,,,Stock,manual,2025-01-01,
CA85472N1096,STN.TO,STN.TO,Stantec Inc,,,Stock,manual,2025-01-01,
CA8911021050,TIH.TO,TIH.TO,Toromont Industries Ltd,,,Stock,manual,2025-01-01,
CA8911605092,TD.TO,TD.TO,Toronto-Dominion Bank,,,Stock,manual,2025-01-01,
CA9628791027,WPM.TO,WPM.TO,Wheaton Precious Metals Corp,,,Stock,manual,2025-01-01,
CH0002432174,BUCN.SW,BUCN.SW,Bucher Industries AG,,,Stock,manual,2025-01-01,
CH0008038389,SPSN.SW,SPSN.SW,Swiss Prime Site AG,,,Stock,manual,2025-01-01,
CH0008742519,SCMN.SW,SCMN.SW,Swisscom AG,,,Stock,manual,2025-01-01,
CH0008837566,ALLN.SW,ALLN.SW,Allreal Holding AG,,,Stock,manual,2025-01-01,
CH0009002962,BARN.SW,BARN.SW,Barry Callebaut AG,,,Stock,manual,2025-01-01,
CH0010570759,LISN.SW,LISN.SW,Chocoladefabriken Lindt & Spruengli AG,,,Stock,manual,2025-01-01,
CH0010570767,CH0010570767,CH0010570767,Chocoladefabriken Lindt & Sprüngli AG,,,Stock,manual,2025-01-01,
CH0010645932,GIVN.SW,GIVN.SW,Givaudan SA,,,Stock,manual,2025-01-01,
CH0010675863,SQN.SW,SQN.SW,Swissquote Group Holding SA,,,Stock,manual,2025-01-01,
CH0011075394,ZURN.SW,ZURN.SW,Zurich Insurance Group AG,,,Stock,manual,2025-01-01,
CH0011108872,MOBN.SW,MOBN.SW,Mobimo Holding AG,,,Stock,manual,2025-01-01,
CH0012005267,NOVN.SW,NOVN.SW,Novartis AG,,,Stock,manual,2025-01-01,
CH0012032048,ROG.SW,ROG.SW,Roche Holding AG,,,Stock,manual,2025-01-01,
CH0012100191,TECN.SW,TECN.SW,Tecan Group AG,,,Stock,manual,2025-01-01,
CH0012138605,ADEN.SW,ADEN.SW,Adecco Group AG,,,Stock,manual,2025-01-01,
CH0012142631,CLN.SW,CLN.SW,Clariant AG,,,Stock,manual,2025-01-01,
CH0012214059,HOLN.SW,HOLN.SW,Holcim AG,,,Stock,manual,2025-01-01,
CH0012221716,ABBN.SW,ABBN.SW,Abb Ltd,,,Stock,manual,2025-01-01,
CH0012255151,UHR.SW,UHR.SW,Swatch Group AG,,,Stock,manual,2025-01-01,
CH0012410517,BALN.SW,BALN.SW,Baloise Holding AG,,,Stock,manual,2025-01-01,
CH0012453913,TEMN.SW,TEMN.SW,Temenos AG,,,Stock,manual,2025-01-01,
CH0012549785,SOON.SW,SOON.SW,Sonova Holding AG,,,Stock,manual,2025-01-01,
CH0013841017,LONN.SW,LONN.SW,Lonza Group AG,,,Stock,manual,2025-01-01,
CH0014852781,SLHN.SW,SLHN.SW,Swiss Life Holding AG,,,Stock,manual,2025-01-01,
CH0016440353,EMSN.SW,EMSN.SW,Ems Chemie Holding AG,,,Stock,manual,2025-01-01,
CH0018294154,PSPN.SW,PSPN.SW,PSP Swiss Property AG,,,Stock,manual,2025-01-01,
CH0023405456,AVOL.SW,AVOL.SW,Avolta AG,,,Stock,manual,2025-01-01,
CH0024608827,PGHN.SW,PGHN.SW,Partners Group Holding AG,,,Stock,manual,2025-01-01,
CH0024638196,SCHP.SW,SCHP.SW,Schindler Holding AG,,,Stock,manual,2025-01-01,
CH0025238863,KNIN.SW,KNIN.SW,Kuehne und Nagel International AG,,,Stock,manual,2025-01-01,
CH0025751329,LOGN.SW,LOGN.SW,Logitech International SA,,,Stock,manual,2025-01-01,
CH0030170408,GEBN.SW,GEBN.SW,Geberit AG,,,Stock,manual,2025-01-01,
CH0038388911,SUN.SW,SUN.SW,Sulzer AG,,,Stock,manual,2025-01-01,
CH0038863350,NESN.SW,NESN.SW,Nestle SA,,,Stock,manual,2025-01-01,
CH0102484968,BAER.SW,BAER.SW,Julius Baer Gruppe AG,,,Stock,manual,2025-01-01,
CH0126673539,DKSH.SW,DKSH.SW,DKSH Holding AG,,,Stock,manual,2025-01-01,
CH0126881561,SREN.SW,SREN.SW,Swiss Re AG,,,Stock,manual,2025-01-01,
CH0130293662,BKW.SW,BKW.SW,BKW AG,,,Stock,manual,2025-01-01,
CH0210483332,CFR.SW,CFR.SW,Compagnie Financiere Richemont SA,,,Stock,manual,2025-01-01,
CH0225173167,CMBN.SW,CMBN.SW,Cembra Money Bank Ltd,,,Stock,manual,2025-01-01,
CH0239229302,SFSN.SW,SFSN.SW,SFS Group AG,,,Stock,manual,2025-01-01,
CH0244767585,UBSG.SW,UBSG.SW,UBS Group AG,,,Stock,manual,2025-01-01,
CH0311864901,VACN.SW,VACN.SW,VAT Group AG,,,Stock,manual,2025-01-01,
CH0319416936,FHZN.SW,FHZN.SW,Flughafen Zuerich AG,,,Stock,manual,2025-01-01,
CH0360674466,GALE.SW,GALE.SW,Galenica AG,,,Stock,manual,2025-01-01,
CH0418792922,SIKA.SW,SIKA.SW,Sika AG,,,Stock,manual,2025-01-01,
CH0432492467,ALC.SW,ALC.SW,Alcon AG,,,Stock,manual,2025-01-01,
CH0435377954,SIGN.SW,SIGN.SW,SIG Group AG,,,Stock,manual,2025-01-01,
CH0466642201,HELN.SW,HELN.SW,Helvetia Holding AG,,,Stock,manual,2025-01-01,
CH0528751586,VZN.SW,VZN.SW,VZ Holding AG,,,Stock,manual,2025-01-01,
CH0531751755,BCVN.SW,BCVN.SW,Banque Cantonale Vaudoise,,,Stock,manual,2025-01-01,
CH1101098163,BEAN.SW,BEAN.SW,Belimo Holding AG,,,Stock,manual,2025-01-01,
CH1169151003,GF.SW,GF.SW,Georg Fischer AG,,,Stock,manual,2025-01-01,
CH1169360919,ACLN.SW,ACLN.SW,Accelleron Industries AG,,,Stock,manual,2025-01-01,
CH1175448666,STMN.SW,STMN.SW,Straumann Holding AG,,,Stock,manual,2025-01-01,
CH1216478797,DSFIR.AS,DSFIR.AS,DSM-Firmenich AG,,,Stock,manual,2025-01-01,
CH1243598427,SDZ.SW,SDZ.SW,Sandoz Group AG,,,Stock,manual,2025-01-01,
CH1256740924,SGSN.SW,SGSN.SW,SGS SA,,,Stock,manual,2025-01-01,
CH1335392721,GALD.SW,GALD.SW,Galderma Group AG,,,Stock,manual,2025-01-01,
CH1386220409,CH1386220409,CH1386220409,Sunrise Communications AG,,,Stock,manual,2025-01-01,
CA87320M2004,TAAT,TAAT.CN,TAAT Global Alternatives,,,Stock,manual,2025-01-01,
XF000BTC0017,BTC,BTC-EUR,Bitcoin,,,Crypto,manual,2025-01-01,
AU0000066086,VUL,VUL.DE,Vulcan Energy Resources,,,Stock,manual,2025-12-03,
US7223041028,PI,PI,Impinj Inc,,,Stock,manual,2025-12-04,
IE00BF4TWC33,AIGI,AIGI.L,WisdomTree Industrial Metals Enhanced,,,ETC,manual,2025-12-04,
